months_as_customer,age,policy_bind_date,policy_state,policy_annual_premium,insured_sex,insured_education_level,insured_occupation,insured_hobbies,insured_relationship,capital-gains,capital-loss,incident_date,incident_type,collision_type,incident_severity,authorities_contacted,incident_state,incident_city,property_damage,police_report_available,total_claim_amount,injury_claim,property_claim,vehicle_claim,auto_make,auto_model,auto_year,fraud_reported,policy_deductable_cat,umbrella_limit_cat,bodily_injuries_cat,incident_hour_cat,vehicles_involved_cat,witnesses_cat,policy_csl_cat
328,48,2014-10-17,OH,1406.91,MALE,MD,craft-repair,sleeping,husband,53300,0,2015-01-25,Single Vehicle Collision,Side Collision,Major Damage,Police,SC,Columbus,YES,YES,71610,6510,13020,52080,Saab,92x,2004,Y,Medium,None,Minor,Early Morning,Single Vehicle,Multiple Witnesses,Standard
228,42,2006-06-27,IN,1197.22,MALE,MD,machine-op-inspct,reading,other-relative,0,0,2015-01-21,Vehicle Theft,,Minor Damage,Police,VA,Riverwood,,,5070,780,780,3510,Mercedes,E400,2007,Y,High,Unknown,None,Morning,Single Vehicle,No Witness,Standard
134,29,2000-09-06,OH,1413.14,FEMALE,PhD,sales,board-games,own-child,35100,0,2015-02-22,Multi-vehicle Collision,Rear Collision,Minor Damage,Police,NY,Columbus,NO,NO,34650,7700,3850,23100,Dodge,RAM,2007,N,High,Unknown,Major,Morning,Multi-Vehicle,Multiple Witnesses,Basic
256,41,1990-05-25,IL,1415.74,FEMALE,PhD,armed-forces,board-games,unmarried,48900,-62400,2015-01-10,Single Vehicle Collision,Front Collision,Major Damage,Police,OH,Arlington,,NO,63400,6340,6340,50720,Chevrolet,Tahoe,2014,Y,High,Unknown,Minor,Early Morning,Single Vehicle,Multiple Witnesses,Standard
228,44,2014-06-06,IL,1583.91,MALE,Associate,sales,board-games,unmarried,66000,-46000,2015-02-17,Vehicle Theft,,Minor Damage,,NY,Arlington,NO,NO,6500,1300,650,4550,Accura,RSX,2009,N,Medium,Unknown,None,Evening,Single Vehicle,Single Witness,Premium
256,39,2006-10-12,OH,1351.1,FEMALE,PhD,tech-support,bungie-jumping,unmarried,0,0,2015-01-02,Multi-vehicle Collision,Rear Collision,Major Damage,Fire,SC,Arlington,NO,NO,64100,6410,6410,51280,Saab,95,2003,Y,Medium,None,None,Evening,Multi-Vehicle,Multiple Witnesses,Standard
137,34,2000-06-04,IN,1333.35,MALE,PhD,prof-specialty,board-games,husband,0,-77000,2015-01-13,Multi-vehicle Collision,Front Collision,Minor Damage,Police,NY,Springfield,,,78650,21450,7150,50050,Nissan,Pathfinder,2012,N,Medium,None,None,Early Morning,Multi-Vehicle,No Witness,Standard
165,37,1990-02-03,IL,1137.03,MALE,Associate,tech-support,base-jumping,unmarried,0,0,2015-02-27,Multi-vehicle Collision,Front Collision,Total Loss,Police,VA,Columbus,,YES,51590,9380,9380,32830,Audi,A5,2015,N,Medium,None,Major,Evening,Multi-Vehicle,Multiple Witnesses,Basic
27,33,1997-02-05,IL,1442.99,FEMALE,PhD,other-service,golf,own-child,0,0,2015-01-30,Single Vehicle Collision,Front Collision,Total Loss,Police,WV,Arlington,NO,YES,27700,2770,2770,22160,Toyota,Camry,2012,N,Low,None,Minor,Evening,Single Vehicle,Single Witness,Basic
212,42,2011-07-25,IL,1315.68,MALE,PhD,priv-house-serv,camping,wife,0,-39300,2015-01-05,Single Vehicle Collision,Rear Collision,Total Loss,Other,NC,Hillsdale,NO,,42300,4700,4700,32900,Saab,92x,1996,N,Low,None,Major,Afternoon,Single Vehicle,Single Witness,Basic
235,42,2002-05-26,OH,1253.12,FEMALE,Masters,exec-managerial,dancing,other-relative,38400,0,2015-01-06,Single Vehicle Collision,Front Collision,Total Loss,Police,NY,Northbend,YES,,87010,7910,15820,63280,Ford,F150,2002,N,Low,Unknown,Major,Evening,Single Vehicle,Multiple Witnesses,Basic
447,61,1999-05-29,OH,1137.16,FEMALE,High School,exec-managerial,skydiving,other-relative,0,-51000,2015-02-15,Multi-vehicle Collision,Front Collision,Major Damage,Fire,SC,Springfield,YES,YES,114920,17680,17680,79560,Audi,A3,2006,N,High,None,Minor,Evening,Multi-Vehicle,Multiple Witnesses,Basic
60,23,1997-11-20,OH,1215.36,MALE,MD,protective-serv,reading,wife,0,0,2015-01-22,Single Vehicle Collision,Rear Collision,Total Loss,Ambulance,SC,Northbend,YES,NO,56520,4710,9420,42390,Saab,95,2000,N,Low,Premium,Minor,Morning,Single Vehicle,No Witness,Premium
121,34,2012-10-26,OH,936.61,FEMALE,MD,armed-forces,bungie-jumping,wife,52800,-32800,2015-01-08,Parked Car,,Minor Damage,,SC,Springfield,NO,NO,7280,1120,1120,5040,Toyota,Highlander,2010,N,Medium,None,Minor,Early Morning,Single Vehicle,Single Witness,Basic
180,38,1998-12-28,OH,1301.13,FEMALE,College,machine-op-inspct,board-games,not-in-family,41300,-55500,2015-01-15,Single Vehicle Collision,Rear Collision,Total Loss,Police,SC,Springfield,NO,YES,46200,4200,8400,33600,Dodge,Neon,2003,Y,High,None,None,Afternoon,Single Vehicle,Multiple Witnesses,Standard
473,58,1992-10-19,IN,1131.4,FEMALE,MD,transport-moving,movies,other-relative,55700,0,2015-01-29,Multi-vehicle Collision,Side Collision,Major Damage,Other,WV,Hillsdale,YES,NO,63120,10520,10520,42080,Accura,MDX,1999,Y,High,None,None,Afternoon,Multi-Vehicle,No Witness,Basic
70,26,2005-06-08,OH,1199.44,MALE,College,machine-op-inspct,hiking,own-child,63600,0,2015-02-22,Multi-vehicle Collision,Rear Collision,Major Damage,Other,NY,Riverwood,,YES,52110,5790,5790,40530,Nissan,Maxima,2012,N,Medium,Unknown,Minor,Early Morning,Multi-Vehicle,Multiple Witnesses,Premium
140,31,2004-11-15,IN,708.64,MALE,High School,machine-op-inspct,reading,unmarried,53500,0,2015-01-06,Single Vehicle Collision,Side Collision,Total Loss,Police,WV,Northbend,NO,YES,77880,14160,7080,56640,Suburu,Legacy,2015,N,Low,Unknown,None,Morning,Single Vehicle,Multiple Witnesses,Premium
160,37,2014-12-28,OH,1374.22,FEMALE,MD,craft-repair,yachting,other-relative,45500,-37800,2015-01-19,Single Vehicle Collision,Side Collision,Total Loss,Other,NY,Northbrook,YES,NO,72930,6630,13260,53040,Accura,TL,2015,N,Low,None,Minor,Evening,Single Vehicle,No Witness,Premium
196,39,1992-08-02,IN,1475.73,FEMALE,High School,handlers-cleaners,camping,own-child,57000,-27300,2015-02-22,Multi-vehicle Collision,Side Collision,Major Damage,Police,VA,Columbus,,NO,60400,6040,6040,48320,Nissan,Pathfinder,2014,N,High,None,Major,Morning,Multi-Vehicle,No Witness,Premium
460,62,2002-06-25,IN,1187.96,MALE,JD,other-service,bungie-jumping,own-child,0,0,2015-01-01,Multi-vehicle Collision,Rear Collision,Minor Damage,Police,NY,Columbus,NO,,47160,0,5240,41920,Suburu,Impreza,2011,N,Medium,Unknown,Minor,Evening,Multi-Vehicle,No Witness,Standard
217,41,2005-11-27,IL,875.15,FEMALE,Associate,machine-op-inspct,skydiving,own-child,46700,0,2015-02-10,Multi-vehicle Collision,Side Collision,Total Loss,Police,SC,Arlington,,,37840,0,4730,33110,Accura,RSX,1996,N,High,None,Minor,Afternoon,Multi-Vehicle,Multiple Witnesses,Premium
370,55,1994-05-27,IL,972.18,MALE,High School,prof-specialty,paintball,other-relative,72700,-68200,2015-01-11,Multi-vehicle Collision,Rear Collision,Major Damage,Ambulance,SC,Hillsdale,NO,YES,71520,17880,5960,47680,Suburu,Forrestor,2000,Y,High,None,None,Evening,Multi-Vehicle,No Witness,Basic
413,55,1991-02-08,IN,1268.79,MALE,MD,priv-house-serv,chess,own-child,0,-31000,2015-01-19,Single Vehicle Collision,Front Collision,Total Loss,Ambulance,WV,Northbend,,,98160,8180,16360,73620,Dodge,RAM,2011,Y,High,None,Major,Afternoon,Single Vehicle,Multiple Witnesses,Basic
237,40,1996-02-02,IN,883.31,MALE,College,craft-repair,kayaking,husband,0,-53500,2015-02-24,Single Vehicle Collision,Rear Collision,Minor Damage,Other,VA,Riverwood,NO,NO,77880,7080,14160,56640,Ford,Escape,2005,N,Medium,None,Minor,Morning,Single Vehicle,Multiple Witnesses,Basic
8,35,2013-12-05,OH,1266.92,MALE,Masters,sales,polo,own-child,0,0,2015-01-09,Multi-vehicle Collision,Rear Collision,Major Damage,Other,OH,Arlington,NO,YES,71500,16500,11000,44000,Ford,Escape,2006,Y,High,None,Minor,Afternoon,Multi-Vehicle,Multiple Witnesses,Basic
257,43,1990-09-20,IN,1322.1,MALE,High School,prof-specialty,golf,own-child,0,-29200,2015-01-28,Parked Car,,Minor Damage,Police,PA,Arlington,YES,YES,9020,1640,820,6560,Toyota,Camry,2005,N,High,None,Minor,Early Morning,Single Vehicle,Multiple Witnesses,Basic
202,34,2002-07-18,IN,848.07,MALE,JD,exec-managerial,chess,not-in-family,31000,-30200,2015-01-07,Vehicle Theft,,Minor Damage,,VA,Northbrook,YES,,5720,1040,520,4160,Suburu,Forrestor,2003,Y,Low,Premium,Major,Early Morning,Single Vehicle,Single Witness,Basic
224,40,1990-02-08,OH,1291.7,FEMALE,JD,sales,kayaking,not-in-family,0,-55600,2015-01-08,Single Vehicle Collision,Side Collision,Minor Damage,Other,SC,Northbend,NO,YES,69840,7760,15520,46560,Dodge,Neon,2009,N,High,None,Minor,Evening,Single Vehicle,No Witness,Basic
241,45,2014-03-04,IL,1104.5,FEMALE,PhD,machine-op-inspct,basketball,unmarried,0,0,2015-02-15,Single Vehicle Collision,Rear Collision,Minor Damage,Police,SC,Northbrook,NO,NO,91650,14100,14100,63450,Accura,TL,2011,N,High,None,Major,Early Morning,Single Vehicle,Multiple Witnesses,Premium
64,25,2000-02-18,IL,954.16,MALE,Masters,prof-specialty,video-games,husband,53200,0,2015-01-18,Multi-vehicle Collision,Side Collision,Major Damage,Ambulance,SC,Columbus,NO,,75600,12600,12600,50400,Toyota,Corolla,2005,N,Medium,None,None,Evening,Multi-Vehicle,No Witness,Standard
166,37,2008-06-19,IL,1337.28,MALE,JD,craft-repair,reading,husband,27500,0,2015-02-28,Multi-vehicle Collision,Side Collision,Major Damage,Police,WV,Riverwood,NO,,67140,7460,7460,52220,Ford,F150,2006,Y,High,Unknown,Major,Morning,Multi-Vehicle,Multiple Witnesses,Basic
155,35,2003-08-01,IL,1088.34,FEMALE,Associate,adm-clerical,yachting,other-relative,81100,0,2015-02-24,Multi-vehicle Collision,Front Collision,Total Loss,Police,NY,Arlington,YES,NO,29790,3310,3310,23170,BMW,3 Series,2008,N,Medium,None,Major,Afternoon,Multi-Vehicle,Multiple Witnesses,Premium
114,30,1992-04-04,IL,1558.29,MALE,High School,farming-fishing,video-games,wife,51400,-64000,2015-01-09,Multi-vehicle Collision,Front Collision,Major Damage,Ambulance,NY,Hillsdale,NO,,77110,14020,14020,49070,Suburu,Impreza,2015,N,Medium,None,Minor,Early Morning,Multi-Vehicle,Multiple Witnesses,Basic
149,37,1991-01-13,IL,1415.68,MALE,PhD,prof-specialty,yachting,own-child,0,0,2015-02-12,Single Vehicle Collision,Side Collision,Total Loss,Fire,WV,Hillsdale,YES,YES,64800,10800,5400,48600,Audi,A3,1999,N,Low,None,None,Afternoon,Single Vehicle,Single Witness,Premium
147,33,2010-08-08,OH,1334.15,MALE,High School,craft-repair,reading,not-in-family,53300,-49200,2015-01-24,Single Vehicle Collision,Front Collision,Major Damage,Other,WV,Springfield,YES,YES,53100,10620,5310,37170,Mercedes,C300,1995,Y,Medium,Unknown,Major,Afternoon,Single Vehicle,No Witness,Basic
62,28,2003-03-09,IL,988.45,FEMALE,Masters,protective-serv,camping,unmarried,0,0,2015-01-09,Single Vehicle Collision,Rear Collision,Total Loss,Police,NY,Northbrook,,YES,60200,6020,6020,48160,Suburu,Forrestor,2004,Y,Medium,None,Minor,Early Morning,Single Vehicle,Single Witness,Basic
289,49,1993-02-03,IL,1222.48,FEMALE,JD,priv-house-serv,golf,unmarried,0,0,2015-01-18,Parked Car,,Minor Damage,,WV,Arlington,NO,YES,5330,1230,820,3280,Suburu,Legacy,2001,N,High,None,Minor,Afternoon,Single Vehicle,Single Witness,Premium
431,54,2002-11-25,IN,1155.55,FEMALE,MD,craft-repair,bungie-jumping,unmarried,65700,0,2015-01-21,Multi-vehicle Collision,Rear Collision,Major Damage,Police,NY,Hillsdale,,,62300,12460,6230,43610,Jeep,Wrangler,2007,N,High,None,Major,Early Morning,Multi-Vehicle,No Witness,Premium
199,37,1997-07-27,IN,1262.08,MALE,JD,tech-support,video-games,wife,48500,0,2015-01-08,Single Vehicle Collision,Front Collision,Major Damage,Ambulance,NC,Columbus,,NO,60170,10940,10940,38290,Nissan,Pathfinder,2011,Y,Low,None,None,Early Morning,Single Vehicle,Multiple Witnesses,Standard
79,26,1995-05-08,IL,1451.62,MALE,Associate,tech-support,kayaking,not-in-family,0,-55700,2015-01-03,Single Vehicle Collision,Rear Collision,Minor Damage,Ambulance,WV,Columbus,NO,,40000,8000,4000,28000,BMW,M5,2010,N,Low,None,Major,Evening,Single Vehicle,Multiple Witnesses,Basic
116,34,2012-08-30,IN,1737.66,MALE,Associate,transport-moving,chess,unmarried,0,-24100,2015-01-01,Single Vehicle Collision,Side Collision,Major Damage,Police,WV,Northbrook,,,97080,16180,16180,64720,BMW,X5,2001,Y,Low,None,Minor,Early Morning,Single Vehicle,Single Witness,Standard
37,23,2006-04-30,IL,1475.93,FEMALE,College,prof-specialty,hiking,husband,0,-67400,2015-01-16,Multi-vehicle Collision,Side Collision,Minor Damage,Other,SC,Springfield,YES,NO,51660,5740,5740,40180,Dodge,RAM,2010,N,Low,None,Minor,Afternoon,Multi-Vehicle,No Witness,Premium
106,30,2003-04-13,OH,538.17,FEMALE,PhD,transport-moving,reading,own-child,49700,-60200,2015-02-10,Single Vehicle Collision,Rear Collision,Total Loss,Other,NC,Arlington,NO,NO,51120,5680,5680,39760,Mercedes,E400,2005,N,Low,None,Major,Evening,Single Vehicle,Multiple Witnesses,Standard
269,44,2007-12-05,IL,1081.08,MALE,JD,priv-house-serv,reading,unmarried,36400,-28700,2015-02-14,Single Vehicle Collision,Front Collision,Minor Damage,Other,SC,Springfield,YES,,56400,11280,11280,33840,Toyota,Highlander,2014,N,High,None,None,Afternoon,Single Vehicle,Multiple Witnesses,Basic
265,40,2006-08-21,IL,1454.43,FEMALE,MD,protective-serv,yachting,husband,0,0,2015-02-21,Multi-vehicle Collision,Rear Collision,Total Loss,Other,NY,Arlington,NO,,55120,6890,0,48230,Accura,MDX,2002,N,Medium,None,Major,Afternoon,Multi-Vehicle,Multiple Witnesses,Standard
163,33,1990-01-08,IN,1240.47,FEMALE,Associate,other-service,polo,husband,35300,0,2015-02-18,Multi-vehicle Collision,Rear Collision,Total Loss,Fire,NC,Northbend,YES,,77110,0,14020,63090,Honda,Civic,2014,N,Low,None,Minor,Morning,Multi-Vehicle,Single Witness,Basic
355,47,1990-03-18,OH,1273.7,MALE,College,other-service,kayaking,husband,0,0,2015-01-10,Multi-vehicle Collision,Front Collision,Major Damage,Fire,WV,Arlington,NO,NO,62800,6280,6280,50240,Audi,A3,2003,Y,High,Unknown,Major,Evening,Multi-Vehicle,Single Witness,Premium
175,34,2008-01-07,IN,1123.87,FEMALE,PhD,protective-serv,dancing,other-relative,0,0,2015-02-26,Vehicle Theft,,Trivial Damage,Police,NY,Arlington,,YES,7290,810,810,5670,Volkswagen,Passat,1995,N,Medium,Unknown,Major,Early Morning,Single Vehicle,No Witness,Premium
192,35,1997-03-10,IL,1245.89,FEMALE,Masters,exec-managerial,movies,wife,0,-40300,2015-01-01,Single Vehicle Collision,Rear Collision,Total Loss,Other,WV,Springfield,NO,,76600,15320,7660,53620,Mercedes,C300,2000,N,Medium,None,None,Evening,Single Vehicle,No Witness,Basic
430,59,2004-01-10,OH,1326.62,MALE,MD,other-service,bungie-jumping,own-child,0,0,2015-01-03,Multi-vehicle Collision,Front Collision,Minor Damage,Fire,NY,Riverwood,,YES,81800,16360,8180,57260,Nissan,Pathfinder,1998,N,High,Unknown,None,Evening,Multi-Vehicle,Multiple Witnesses,Standard
91,27,1994-08-20,IL,1073.83,FEMALE,JD,farming-fishing,polo,husband,0,0,2015-01-17,Vehicle Theft,,Trivial Damage,,NY,Arlington,,,7260,1320,660,5280,BMW,M5,2008,N,High,None,Minor,Early Morning,Single Vehicle,Multiple Witnesses,Basic
217,39,2002-06-02,IN,1530.52,MALE,College,armed-forces,basketball,not-in-family,0,0,2015-02-22,Vehicle Theft,,Minor Damage,,WV,Northbend,,YES,4300,430,430,3440,Toyota,Corolla,2000,N,Medium,None,Major,Morning,Single Vehicle,Single Witness,Basic
223,40,1994-04-28,IN,1201.41,FEMALE,JD,priv-house-serv,movies,husband,88400,-46500,2015-01-27,Multi-vehicle Collision,Side Collision,Major Damage,Police,NC,Columbus,YES,,70510,12820,12820,44870,Suburu,Forrestor,1999,N,Low,None,Minor,Morning,Multi-Vehicle,No Witness,Basic
195,39,2014-08-17,OH,1393.57,MALE,PhD,machine-op-inspct,movies,not-in-family,47600,-39600,2015-02-27,Parked Car,,Minor Damage,Police,VA,Northbend,NO,YES,2640,480,480,1680,Ford,F150,2009,N,Medium,None,None,Early Morning,Single Vehicle,Single Witness,Standard
22,26,2007-08-11,OH,1276.57,MALE,PhD,craft-repair,skydiving,not-in-family,71500,0,2015-01-06,Single Vehicle Collision,Rear Collision,Minor Damage,Fire,NY,Arlington,YES,NO,78900,15780,7890,55230,Chevrolet,Silverado,1995,N,Medium,None,Minor,Early Morning,Single Vehicle,Multiple Witnesses,Basic
439,56,2008-11-20,IN,1082.49,FEMALE,PhD,prof-specialty,chess,unmarried,36100,-55000,2015-02-28,Multi-vehicle Collision,Front Collision,Major Damage,Fire,SC,Columbus,,,56430,0,6270,50160,Honda,CRV,2014,N,Low,None,Major,Afternoon,Multi-Vehicle,Multiple Witnesses,Standard
94,32,1995-10-18,IN,1414.74,FEMALE,Masters,adm-clerical,hiking,own-child,0,0,2015-02-22,Parked Car,,Minor Damage,,VA,Riverwood,NO,NO,2400,300,300,1800,Chevrolet,Silverado,2014,N,Medium,None,Minor,Evening,Single Vehicle,Multiple Witnesses,Premium
11,39,1993-05-19,IL,1470.06,MALE,PhD,other-service,yachting,husband,56600,-45800,2015-01-07,Single Vehicle Collision,Front Collision,Total Loss,Ambulance,WV,Riverwood,YES,NO,65790,7310,7310,51170,Saab,93,2007,N,High,None,None,Evening,Single Vehicle,Single Witness,Standard
151,36,2005-02-26,OH,870.63,FEMALE,MD,adm-clerical,kayaking,own-child,94800,-58500,2015-01-06,Multi-vehicle Collision,Side Collision,Minor Damage,Police,VA,Hillsdale,NO,NO,62920,11440,5720,45760,Ford,Escape,2000,N,High,None,Minor,Afternoon,Multi-Vehicle,Single Witness,Standard
154,34,1990-02-14,IN,795.23,MALE,PhD,machine-op-inspct,base-jumping,other-relative,36900,0,2015-01-10,Multi-vehicle Collision,Rear Collision,Major Damage,Police,NY,Springfield,YES,,69480,15440,0,54040,Nissan,Maxima,2014,Y,Low,None,Major,Afternoon,Multi-Vehicle,Single Witness,Basic
245,44,1993-09-30,IL,1168.2,MALE,JD,handlers-cleaners,basketball,husband,69100,0,2015-02-11,Multi-vehicle Collision,Side Collision,Total Loss,Other,OH,Springfield,NO,NO,44280,7380,3690,33210,Honda,Accord,1997,N,Medium,None,None,Evening,Multi-Vehicle,Multiple Witnesses,Premium
119,32,2014-06-10,IL,993.51,MALE,High School,armed-forces,bungie-jumping,unmarried,0,-49500,2015-01-12,Single Vehicle Collision,Side Collision,Minor Damage,Other,WV,Hillsdale,NO,YES,56300,5630,11260,39410,BMW,M5,2011,N,Medium,None,None,Afternoon,Single Vehicle,Multiple Witnesses,Premium
215,42,2008-10-28,OH,1848.81,MALE,JD,transport-moving,video-games,own-child,0,-49000,2015-02-06,Multi-vehicle Collision,Front Collision,Major Damage,Fire,WV,Northbend,YES,YES,68520,11420,5710,51390,Suburu,Legacy,2003,Y,Low,None,Major,Evening,Multi-Vehicle,Multiple Witnesses,Premium
295,42,2007-04-24,OH,1641.73,MALE,PhD,sales,chess,not-in-family,62400,0,2015-01-20,Multi-vehicle Collision,Rear Collision,Total Loss,Fire,VA,Riverwood,NO,NO,59130,6570,6570,45990,Ford,Escape,2006,Y,High,Unknown,None,Afternoon,Multi-Vehicle,No Witness,Standard
254,39,1993-12-13,IN,1362.87,FEMALE,MD,exec-managerial,chess,other-relative,35700,0,2015-02-22,Multi-vehicle Collision,Front Collision,Minor Damage,Ambulance,NY,Arlington,YES,NO,82320,13720,6860,61740,Dodge,Neon,1995,Y,Low,None,Major,Morning,Multi-Vehicle,Multiple Witnesses,Basic
107,31,2011-08-17,IN,1239.22,FEMALE,High School,tech-support,paintball,not-in-family,43400,-91200,2015-01-30,Single Vehicle Collision,Side Collision,Minor Damage,Fire,SC,Springfield,YES,NO,89700,13800,13800,62100,Audi,A5,2009,Y,Low,Unknown,None,Afternoon,Single Vehicle,Single Witness,Standard
478,64,1990-08-20,OH,835.02,FEMALE,Associate,adm-clerical,reading,unmarried,59600,0,2015-02-02,Multi-vehicle Collision,Side Collision,Minor Damage,Fire,WV,Hillsdale,NO,NO,33930,0,3770,30160,BMW,X6,1998,N,Low,None,Minor,Afternoon,Multi-Vehicle,Single Witness,Standard
128,30,1994-02-11,OH,1061.33,MALE,MD,machine-op-inspct,movies,own-child,43300,-66200,2015-01-10,Single Vehicle Collision,Front Collision,Major Damage,Ambulance,WV,Northbrook,NO,NO,68530,12460,6230,49840,Audi,A5,1997,N,Medium,None,None,Morning,Single Vehicle,Multiple Witnesses,Basic
338,49,1994-02-22,IN,1279.08,MALE,MD,other-service,kayaking,own-child,0,-51500,2015-02-27,Parked Car,,Minor Damage,,NC,Riverwood,NO,,4300,860,860,2580,Ford,F150,2004,N,Medium,None,None,Afternoon,Single Vehicle,Single Witness,Premium
271,42,2011-08-15,OH,1105.49,FEMALE,Associate,prof-specialty,sleeping,own-child,56200,-50000,2015-02-20,Multi-vehicle Collision,Side Collision,Major Damage,Other,SC,Hillsdale,,,68310,12420,6210,49680,Audi,A3,2003,Y,Low,None,Major,Afternoon,Two Vehicles,Multiple Witnesses,Basic
222,41,1998-11-11,OH,1055.53,FEMALE,MD,armed-forces,cross-fit,not-in-family,37800,-50300,2015-02-08,Single Vehicle Collision,Front Collision,Total Loss,Other,WV,Northbrook,NO,NO,61290,6810,6810,47670,Honda,Civic,1995,Y,High,None,None,Morning,Single Vehicle,Multiple Witnesses,Basic
199,41,1995-12-04,OH,895.83,FEMALE,Associate,sales,paintball,husband,0,0,2015-02-11,Single Vehicle Collision,Rear Collision,Minor Damage,Ambulance,NC,Arlington,NO,NO,30100,3010,0,27090,Chevrolet,Malibu,1999,N,Medium,None,Minor,Morning,Single Vehicle,Multiple Witnesses,Standard
215,37,2002-12-28,IN,1632.93,FEMALE,College,transport-moving,golf,not-in-family,0,-42900,2015-02-23,Multi-vehicle Collision,Rear Collision,Minor Damage,Fire,SC,Riverwood,NO,YES,57120,9520,4760,42840,Mercedes,C300,2002,N,Low,None,Major,Morning,Multi-Vehicle,No Witness,Basic
192,40,2004-04-15,IL,1405.99,FEMALE,Associate,sales,yachting,wife,0,0,2015-03-01,Multi-vehicle Collision,Side Collision,Minor Damage,Ambulance,VA,Springfield,YES,YES,42930,9540,4770,28620,BMW,X6,2005,N,Medium,None,Minor,Evening,Multi-Vehicle,No Witness,Basic
120,35,2001-02-02,OH,1425.54,FEMALE,High School,transport-moving,bungie-jumping,other-relative,78300,0,2015-01-15,Multi-vehicle Collision,Front Collision,Total Loss,Ambulance,SC,Riverwood,NO,NO,51210,11380,5690,34140,Ford,Fusion,2010,N,Medium,None,Major,Evening,Multi-Vehicle,No Witness,Basic
270,45,2010-01-12,OH,1038.09,FEMALE,College,handlers-cleaners,golf,husband,0,-19700,2015-01-14,Multi-vehicle Collision,Front Collision,Minor Damage,Fire,NY,Springfield,NO,YES,89400,14900,7450,67050,Suburu,Legacy,1998,N,Medium,None,Minor,Evening,Multi-Vehicle,Single Witness,Premium
319,47,1992-04-14,IN,1307.11,MALE,College,transport-moving,dancing,not-in-family,0,0,2015-02-17,Multi-vehicle Collision,Front Collision,Total Loss,Police,WV,Northbrook,NO,,59730,10860,10860,38010,Audi,A3,2005,N,Low,None,None,Evening,Multi-Vehicle,Multiple Witnesses,Standard
194,39,2010-05-21,OH,1489.24,FEMALE,JD,other-service,kayaking,wife,0,-45000,2015-01-24,Vehicle Theft,,Minor Damage,,SC,Springfield,YES,YES,8060,1240,1240,5580,Saab,95,2004,N,Medium,Unknown,Major,Afternoon,Single Vehicle,Multiple Witnesses,Premium
227,38,2013-10-27,OH,976.67,FEMALE,PhD,handlers-cleaners,polo,unmarried,0,0,2015-01-21,Single Vehicle Collision,Rear Collision,Major Damage,Fire,SC,Northbrook,,,72200,14440,7220,50540,BMW,M5,2013,Y,Low,None,Minor,Afternoon,Single Vehicle,Multiple Witnesses,Premium
137,31,1994-10-12,OH,1340.43,MALE,High School,exec-managerial,paintball,husband,52700,-40600,2015-02-19,Multi-vehicle Collision,Side Collision,Minor Damage,Ambulance,NC,Arlington,NO,NO,50800,10160,10160,30480,Accura,MDX,2005,N,High,None,Minor,Morning,Multi-Vehicle,Multiple Witnesses,Standard
244,40,1997-07-04,OH,1267.81,FEMALE,Masters,exec-managerial,video-games,wife,0,0,2015-01-03,Vehicle Theft,,Trivial Damage,,NC,Northbrook,,,6600,660,1320,4620,Accura,TL,2005,N,High,Unknown,Major,Morning,Single Vehicle,Single Witness,Premium
78,29,2011-02-15,IL,1234.2,MALE,Masters,other-service,bungie-jumping,other-relative,0,0,2015-01-29,Vehicle Theft,,Minor Damage,Police,NY,Northbrook,YES,NO,7500,750,1500,5250,Nissan,Maxima,2002,N,Medium,Unknown,Major,Early Morning,Single Vehicle,Multiple Witnesses,Standard
200,35,1994-08-21,IN,1318.06,MALE,High School,exec-managerial,video-games,wife,57300,-80600,2015-01-19,Vehicle Theft,,Trivial Damage,,VA,Hillsdale,NO,YES,6490,1180,1180,4130,Volkswagen,Jetta,2002,N,High,None,None,Afternoon,Single Vehicle,Multiple Witnesses,Standard
284,48,1997-05-15,IN,769.95,MALE,Masters,prof-specialty,movies,not-in-family,0,-44200,2015-01-19,Multi-vehicle Collision,Side Collision,Major Damage,Ambulance,NY,Hillsdale,,NO,60940,5540,11080,44320,Audi,A3,2013,Y,High,None,Major,Afternoon,Two Vehicles,Multiple Witnesses,Premium
275,41,1996-10-26,OH,1514.72,MALE,High School,transport-moving,board-games,own-child,35700,0,2015-02-02,Multi-vehicle Collision,Front Collision,Major Damage,Fire,NY,Northbrook,YES,,58300,5830,11660,40810,Suburu,Legacy,2007,N,High,None,None,Afternoon,Multi-Vehicle,Single Witness,Basic
153,34,2006-03-04,IL,873.64,FEMALE,Associate,priv-house-serv,yachting,husband,800,0,2015-01-30,Multi-vehicle Collision,Front Collision,Minor Damage,Other,SC,Columbus,NO,,68400,11400,11400,45600,Ford,F150,2007,N,Medium,Unknown,Major,Morning,Multi-Vehicle,Single Witness,Premium
134,32,1991-01-02,IL,1612.43,FEMALE,MD,other-service,yachting,own-child,36400,0,2015-01-08,Single Vehicle Collision,Side Collision,Total Loss,Fire,VA,Springfield,,YES,64240,11680,11680,40880,BMW,3 Series,2015,N,Low,None,Major,Early Morning,Single Vehicle,Single Witness,Premium
31,36,1999-08-15,IL,1318.24,FEMALE,College,prof-specialty,kayaking,not-in-family,0,-78600,2015-01-30,Parked Car,,Trivial Damage,,WV,Arlington,NO,YES,4700,940,470,3290,Dodge,Neon,2002,N,High,Unknown,None,Morning,Single Vehicle,Single Witness,Premium
41,25,1992-01-15,IN,1226.83,FEMALE,College,exec-managerial,exercise,not-in-family,0,-56100,2015-01-07,Multi-vehicle Collision,Side Collision,Major Damage,Other,SC,Columbus,YES,,45120,0,5640,39480,Accura,MDX,2011,Y,Medium,None,Major,Afternoon,Multi-Vehicle,No Witness,Basic
127,29,1999-12-07,OH,1326.44,FEMALE,High School,sales,board-games,own-child,0,0,2015-02-24,Multi-vehicle Collision,Front Collision,Total Loss,Fire,SC,Arlington,YES,,66950,10300,10300,46350,Saab,93,1995,N,High,Unknown,Minor,Afternoon,Two Vehicles,Single Witness,Standard
61,23,1993-06-06,IL,1136.83,FEMALE,Associate,tech-support,exercise,own-child,0,-62400,2015-02-02,Single Vehicle Collision,Side Collision,Major Damage,Police,NY,Columbus,NO,,98340,8940,17880,71520,Honda,Accord,2004,Y,High,Unknown,None,Afternoon,Single Vehicle,Multiple Witnesses,Standard
207,42,2000-10-03,IL,1322.78,MALE,PhD,farming-fishing,yachting,own-child,55200,0,2015-02-28,Parked Car,,Trivial Damage,,WV,Springfield,NO,NO,5900,590,590,4720,BMW,X5,2007,N,High,None,None,Morning,Single Vehicle,Single Witness,Standard
219,43,2010-12-29,IN,1483.25,FEMALE,MD,exec-managerial,exercise,not-in-family,90700,-20800,2015-02-09,Multi-vehicle Collision,Front Collision,Major Damage,Ambulance,NC,Riverwood,NO,,70680,5890,11780,53010,Ford,Fusion,2009,N,Medium,None,Minor,Early Morning,Multi-Vehicle,Single Witness,Basic
271,42,1990-03-17,IL,1515.3,FEMALE,High School,machine-op-inspct,hiking,not-in-family,0,0,2015-01-19,Multi-vehicle Collision,Rear Collision,Total Loss,Ambulance,SC,Northbend,NO,NO,93720,17040,8520,68160,Mercedes,ML350,2005,N,Low,None,Minor,Evening,Multi-Vehicle,No Witness,Basic
80,25,2012-03-01,IL,1075.18,FEMALE,PhD,armed-forces,exercise,husband,67700,-58400,2015-02-21,Vehicle Theft,,Minor Damage,,OH,Northbrook,NO,YES,6930,1260,630,5040,Toyota,Highlander,2001,N,High,Unknown,Major,Early Morning,Single Vehicle,No Witness,Basic
325,47,2006-02-05,IN,1690.27,FEMALE,Associate,protective-serv,hiking,not-in-family,61500,0,2015-01-14,Single Vehicle Collision,Side Collision,Major Damage,Fire,VA,Springfield,YES,NO,72930,6630,6630,59670,Dodge,RAM,2006,Y,Medium,None,None,Morning,Single Vehicle,Multiple Witnesses,Premium
29,25,2014-11-01,IL,1352.83,MALE,Masters,farming-fishing,skydiving,own-child,0,-71700,2015-01-22,Multi-vehicle Collision,Rear Collision,Minor Damage,Other,SC,Hillsdale,YES,YES,64890,7210,7210,50470,Nissan,Pathfinder,2013,Y,High,None,Minor,Early Morning,Multi-Vehicle,Multiple Witnesses,Standard
295,48,2009-06-17,OH,1148.73,FEMALE,College,machine-op-inspct,kayaking,wife,0,0,2015-02-22,Parked Car,,Trivial Damage,,WV,Columbus,,YES,5400,900,900,3600,Saab,95,1999,N,Medium,None,Minor,Morning,Single Vehicle,Multiple Witnesses,Standard
239,42,1999-09-20,IL,969.5,MALE,College,exec-managerial,reading,not-in-family,0,0,2015-01-26,Vehicle Theft,,Trivial Damage,,NC,Northbrook,NO,,5600,700,700,4200,Audi,A3,2007,N,Medium,None,None,Morning,Single Vehicle,No Witness,Basic
269,41,1990-10-19,IN,1463.82,FEMALE,College,protective-serv,yachting,not-in-family,0,-72300,2015-01-24,Single Vehicle Collision,Rear Collision,Minor Damage,Police,SC,Northbend,YES,,79300,15860,15860,47580,Saab,92x,2007,N,Low,None,None,Evening,Single Vehicle,No Witness,Basic
80,27,1996-08-05,IL,1474.17,FEMALE,College,tech-support,exercise,unmarried,0,0,2015-02-19,Single Vehicle Collision,Side Collision,Major Damage,Police,WV,Northbend,YES,YES,52800,10560,5280,36960,Saab,95,2004,N,Medium,None,Minor,Afternoon,Single Vehicle,No Witness,Basic
279,41,2001-06-06,IL,1497.35,FEMALE,JD,prof-specialty,bungie-jumping,husband,37300,-31700,2015-01-29,Multi-vehicle Collision,Front Collision,Minor Damage,Fire,NC,Northbrook,,NO,28800,0,3600,25200,Ford,Fusion,2013,N,Low,None,Major,Afternoon,Multi-Vehicle,Multiple Witnesses,Standard
165,33,2007-03-25,OH,1427.14,FEMALE,Associate,tech-support,kayaking,other-relative,35300,-58100,2015-02-15,Parked Car,,Minor Damage,Police,WV,Northbend,NO,NO,2970,330,330,2310,Toyota,Highlander,2008,N,Medium,None,Minor,Early Morning,Single Vehicle,Single Witness,Basic
350,54,2013-10-31,OH,1495.1,MALE,College,other-service,basketball,wife,50500,0,2015-02-12,Multi-vehicle Collision,Side Collision,Total Loss,Police,SC,Northbend,NO,,93480,15580,7790,70110,Chevrolet,Malibu,2014,N,Low,None,None,Afternoon,Multi-Vehicle,No Witness,Premium
295,49,1992-06-13,IL,1141.62,MALE,College,prof-specialty,kayaking,husband,34300,-24300,2015-01-01,Vehicle Theft,,Minor Damage,,WV,Columbus,YES,YES,4320,480,480,3360,Mercedes,E400,2002,N,Low,None,Minor,Early Morning,Single Vehicle,Multiple Witnesses,Basic
464,61,1990-10-07,OH,1125.37,FEMALE,Associate,prof-specialty,basketball,husband,0,-56400,2015-01-13,Multi-vehicle Collision,Rear Collision,Major Damage,Police,VA,Northbend,,YES,79800,6650,19950,53200,Saab,95,2000,Y,Medium,None,None,Morning,Multi-Vehicle,Multiple Witnesses,Premium
118,28,1991-12-28,IN,1207.36,FEMALE,High School,handlers-cleaners,camping,own-child,0,-57000,2015-03-01,Multi-vehicle Collision,Front Collision,Major Damage,Ambulance,WV,Columbus,NO,,74200,7420,14840,51940,Volkswagen,Passat,1997,N,High,None,Minor,Evening,Two Vehicles,No Witness,Premium
298,47,1998-11-11,IL,1338.5,FEMALE,PhD,machine-op-inspct,basketball,other-relative,28800,0,2015-02-02,Single Vehicle Collision,Front Collision,Major Damage,Fire,NY,Northbrook,,,70590,10860,10860,48870,Saab,93,2000,Y,High,None,None,Early Morning,Single Vehicle,No Witness,Premium
87,31,2009-06-26,IN,1074.07,FEMALE,Masters,sales,chess,husband,0,-47500,2015-01-27,Multi-vehicle Collision,Rear Collision,Major Damage,Fire,NY,Springfield,NO,YES,60940,5540,11080,44320,Nissan,Ultima,2006,Y,Medium,None,None,Afternoon,Multi-Vehicle,Multiple Witnesses,Premium
261,42,2009-01-11,OH,1337.56,FEMALE,College,prof-specialty,video-games,unmarried,0,0,2015-01-12,Single Vehicle Collision,Rear Collision,Minor Damage,Police,SC,Riverwood,,YES,74700,7470,14940,52290,Dodge,RAM,2010,N,Low,None,Minor,Evening,Single Vehicle,Multiple Witnesses,Standard
453,60,2003-03-18,IN,1298.91,MALE,PhD,craft-repair,dancing,unmarried,52600,-38800,2015-01-06,Single Vehicle Collision,Front Collision,Major Damage,Fire,NC,Springfield,YES,,70000,14000,7000,49000,Ford,F150,2015,Y,Low,Unknown,None,Early Morning,Single Vehicle,No Witness,Basic
210,41,2012-11-02,IL,1222.75,MALE,High School,exec-managerial,polo,other-relative,0,-41000,2015-01-30,Multi-vehicle Collision,Rear Collision,Total Loss,Other,WV,Columbus,,NO,81070,14740,14740,51590,BMW,X5,2001,N,Low,None,Major,Afternoon,Multi-Vehicle,No Witness,Premium
168,32,2000-05-04,IN,1059.52,MALE,MD,protective-serv,camping,own-child,0,-40600,2015-03-01,Multi-vehicle Collision,Side Collision,Major Damage,Other,VA,Hillsdale,,,57720,14430,9620,33670,Saab,93,2007,N,Medium,None,Minor,Afternoon,Two Vehicles,Single Witness,Basic
390,51,1999-09-29,OH,1124.38,MALE,Associate,armed-forces,reading,other-relative,0,0,2015-02-24,Vehicle Theft,,Minor Damage,,VA,Northbrook,YES,YES,7080,1180,1180,4720,Ford,F150,2001,N,High,None,Minor,Morning,Single Vehicle,Single Witness,Standard
258,46,1999-03-09,IN,1110.37,MALE,MD,machine-op-inspct,hiking,other-relative,34400,-56800,2015-01-24,Multi-vehicle Collision,Side Collision,Total Loss,Other,NY,Riverwood,NO,,47700,4770,9540,33390,Accura,MDX,1997,Y,Medium,Unknown,None,Afternoon,Multi-Vehicle,Single Witness,Basic
107,31,1991-02-13,IL,1374.22,FEMALE,PhD,machine-op-inspct,bungie-jumping,other-relative,62000,-63100,2015-02-26,Single Vehicle Collision,Rear Collision,Minor Damage,Police,SC,Hillsdale,NO,NO,51260,9320,9320,32620,Suburu,Legacy,2002,N,High,None,None,Afternoon,Single Vehicle,Multiple Witnesses,Premium
225,41,1993-08-05,OH,1103.58,MALE,High School,exec-managerial,exercise,unmarried,41200,-36200,2015-01-19,Multi-vehicle Collision,Side Collision,Major Damage,Police,NY,Northbend,,NO,70400,6400,12800,51200,Toyota,Highlander,2011,Y,High,None,Major,Evening,Multi-Vehicle,Multiple Witnesses,Premium
164,38,1997-10-31,IL,1269.76,FEMALE,PhD,transport-moving,yachting,not-in-family,44300,0,2015-01-17,Single Vehicle Collision,Rear Collision,Minor Damage,Fire,NY,Hillsdale,NO,YES,90000,18000,9000,63000,Ford,Fusion,2015,N,High,None,Minor,Early Morning,Single Vehicle,Multiple Witnesses,Standard
245,39,2001-04-21,OH,964.79,FEMALE,Associate,adm-clerical,camping,husband,58000,0,2015-02-20,Multi-vehicle Collision,Rear Collision,Minor Damage,Police,NY,Arlington,,,72820,13240,6620,52960,BMW,3 Series,2010,N,Low,Unknown,None,Morning,Multi-Vehicle,Single Witness,Standard
255,41,2013-01-08,IL,1167.3,MALE,High School,priv-house-serv,board-games,other-relative,0,0,2015-02-22,Single Vehicle Collision,Side Collision,Minor Damage,Fire,SC,Hillsdale,NO,,69300,13860,13860,41580,Volkswagen,Passat,2000,N,High,Unknown,Major,Evening,Single Vehicle,No Witness,Premium
206,36,2009-07-23,IL,1625.45,FEMALE,MD,other-service,video-games,other-relative,0,-53700,2015-01-23,Single Vehicle Collision,Front Collision,Major Damage,Ambulance,NY,Northbrook,NO,NO,76560,12760,12760,51040,Ford,Fusion,2008,Y,Low,Unknown,Major,Morning,Single Vehicle,Single Witness,Premium
203,38,1998-02-20,IL,1394.43,FEMALE,Masters,other-service,skydiving,not-in-family,0,0,2015-01-31,Single Vehicle Collision,Front Collision,Major Damage,Ambulance,VA,Columbus,,YES,55440,0,6160,49280,Nissan,Maxima,1999,Y,Low,None,None,Morning,Single Vehicle,Single Witness,Standard
22,25,2008-03-13,OH,1053.24,FEMALE,College,prof-specialty,movies,other-relative,51100,0,2015-01-05,Multi-vehicle Collision,Front Collision,Total Loss,Other,NC,Arlington,YES,NO,77130,8570,17140,51420,Accura,MDX,1995,N,High,None,Minor,Early Morning,Multi-Vehicle,No Witness,Standard
211,35,1996-08-20,IL,1040.75,FEMALE,JD,prof-specialty,paintball,not-in-family,0,0,2015-02-03,Single Vehicle Collision,Rear Collision,Total Loss,Ambulance,WV,Northbend,YES,,42000,7000,7000,28000,BMW,X5,2011,N,Low,None,Minor,Early Morning,Single Vehicle,Single Witness,Basic
206,39,2014-07-27,IN,1302.4,MALE,JD,craft-repair,dancing,unmarried,47200,-69700,2015-02-17,Multi-vehicle Collision,Rear Collision,Total Loss,Ambulance,NY,Hillsdale,NO,YES,36300,3300,9900,23100,Ford,Escape,2013,N,Medium,Unknown,Major,Afternoon,Multi-Vehicle,Multiple Witnesses,Standard
166,38,1992-11-09,IL,1588.55,MALE,MD,protective-serv,video-games,unmarried,59600,-32100,2015-01-09,Single Vehicle Collision,Side Collision,Total Loss,Other,WV,Columbus,NO,,40320,5760,5760,28800,Suburu,Impreza,2001,N,High,None,None,Morning,Single Vehicle,No Witness,Basic
165,32,2012-06-04,IN,1399.26,FEMALE,High School,tech-support,exercise,own-child,70500,0,2015-02-08,Parked Car,,Minor Damage,Police,PA,Northbrook,,,3960,330,660,2970,BMW,M5,1998,N,Low,None,Major,Morning,Single Vehicle,No Witness,Premium
274,43,2001-05-13,OH,1352.31,MALE,College,farming-fishing,basketball,wife,40700,-47300,2015-02-06,Single Vehicle Collision,Front Collision,Major Damage,Fire,NY,Northbend,YES,YES,63840,10640,10640,42560,BMW,X5,2006,Y,High,None,None,Evening,Single Vehicle,Multiple Witnesses,Basic
81,28,2011-09-17,IL,1139.0,FEMALE,Masters,sales,sleeping,husband,42400,0,2015-01-14,Multi-vehicle Collision,Front Collision,Major Damage,Fire,SC,Northbend,,,44730,4970,4970,34790,Saab,92x,2000,Y,Medium,Unknown,Minor,Early Morning,Multi-Vehicle,Multiple Witnesses,Standard
280,45,2011-07-15,IN,1397.67,MALE,JD,machine-op-inspct,camping,wife,57900,0,2015-01-22,Multi-vehicle Collision,Front Collision,Minor Damage,Other,NY,Arlington,YES,NO,84720,14120,14120,56480,Ford,Escape,1999,N,Medium,None,Minor,Early Morning,Multi-Vehicle,Multiple Witnesses,Standard
194,39,2005-07-27,IN,823.17,MALE,Masters,adm-clerical,paintball,own-child,0,0,2015-02-23,Multi-vehicle Collision,Front Collision,Major Damage,Other,WV,Columbus,,NO,61500,6150,12300,43050,Dodge,RAM,2012,N,Low,None,Major,Early Morning,Multi-Vehicle,Multiple Witnesses,Standard
112,27,2005-10-18,OH,965.13,FEMALE,Masters,tech-support,exercise,unmarried,60000,-54800,2015-02-22,Multi-vehicle Collision,Front Collision,Major Damage,Ambulance,NC,Arlington,,,51000,8500,8500,34000,Nissan,Pathfinder,2013,N,Low,None,None,Evening,Multi-Vehicle,Single Witness,Basic
24,33,1996-01-19,IL,1922.84,FEMALE,High School,machine-op-inspct,skydiving,wife,0,-45200,2015-01-24,Single Vehicle Collision,Side Collision,Total Loss,Police,WV,Northbend,,NO,46800,4680,9360,32760,Jeep,Wrangler,2002,N,Medium,None,Major,Early Morning,Single Vehicle,Single Witness,Premium
93,32,2005-09-29,OH,1624.82,MALE,PhD,exec-managerial,basketball,unmarried,65300,-65600,2015-02-09,Single Vehicle Collision,Side Collision,Minor Damage,Ambulance,WV,Northbend,,,78120,17360,8680,52080,BMW,3 Series,2006,N,High,None,Minor,Afternoon,Single Vehicle,Single Witness,Standard
171,34,1997-02-18,IN,1277.25,FEMALE,College,exec-managerial,yachting,other-relative,84900,0,2015-01-19,Single Vehicle Collision,Rear Collision,Major Damage,Police,NY,Springfield,NO,,69200,13840,6920,48440,Volkswagen,Passat,1996,Y,High,None,Minor,Afternoon,Single Vehicle,Multiple Witnesses,Standard
200,40,2010-05-11,IL,1439.34,FEMALE,High School,sales,exercise,other-relative,45300,-20400,2015-01-01,Vehicle Theft,,Minor Damage,Police,VA,Riverwood,,NO,3690,410,410,2870,Ford,Escape,2015,N,Medium,None,None,Morning,Single Vehicle,No Witness,Basic
120,28,2009-02-06,IL,1281.27,FEMALE,PhD,tech-support,golf,not-in-family,68900,0,2015-01-07,Multi-vehicle Collision,Rear Collision,Minor Damage,Fire,SC,Springfield,NO,,65500,6550,6550,52400,BMW,X5,2010,N,Medium,None,None,Morning,Multi-Vehicle,Multiple Witnesses,Standard
325,46,2013-07-09,IL,1348.83,FEMALE,High School,prof-specialty,basketball,wife,46300,-77500,2015-02-01,Multi-vehicle Collision,Rear Collision,Minor Damage,Fire,NC,Springfield,,YES,76120,13840,6920,55360,Toyota,Camry,1999,N,Low,None,Minor,Evening,Multi-Vehicle,Multiple Witnesses,Premium
124,32,1992-06-06,IL,1198.15,FEMALE,MD,other-service,hiking,not-in-family,0,-43200,2015-02-21,Multi-vehicle Collision,Front Collision,Total Loss,Other,VA,Springfield,NO,YES,73560,12260,12260,49040,BMW,X5,1995,N,Medium,None,None,Evening,Multi-Vehicle,Multiple Witnesses,Standard
211,35,1998-03-08,OH,1221.22,MALE,Masters,machine-op-inspct,camping,other-relative,76000,0,2015-01-21,Single Vehicle Collision,Rear Collision,Total Loss,Police,NY,Northbend,YES,,52030,9460,4730,37840,Mercedes,E400,2008,N,High,None,None,Early Morning,Single Vehicle,Single Witness,Basic
287,41,2004-03-29,IL,968.74,MALE,Masters,transport-moving,video-games,wife,0,-49000,2015-01-19,Vehicle Theft,,Trivial Damage,,SC,Northbrook,,,5170,470,940,3760,Suburu,Forrestor,2001,N,High,None,Major,Morning,Single Vehicle,Multiple Witnesses,Premium
122,34,2006-06-01,IN,1220.71,MALE,PhD,machine-op-inspct,video-games,own-child,58600,-28700,2015-02-27,Parked Car,,Minor Damage,,SC,Northbend,,YES,8190,1890,1260,5040,Chevrolet,Silverado,2013,N,Medium,None,Major,Early Morning,Single Vehicle,Single Witness,Standard
22,29,1994-06-08,IN,1238.62,MALE,MD,exec-managerial,yachting,other-relative,0,-56200,2015-02-14,Single Vehicle Collision,Rear Collision,Major Damage,Ambulance,SC,Springfield,,,70800,7080,14160,49560,Accura,MDX,2012,Y,High,Unknown,Major,Afternoon,Single Vehicle,Multiple Witnesses,Standard
106,31,1998-02-12,IL,1320.75,FEMALE,JD,farming-fishing,video-games,wife,54100,0,2015-02-01,Multi-vehicle Collision,Rear Collision,Total Loss,Police,WV,Springfield,,YES,45630,5070,5070,35490,Accura,MDX,2011,N,High,None,None,Evening,Multi-Vehicle,Multiple Witnesses,Premium
398,58,2000-11-16,OH,990.98,FEMALE,Associate,exec-managerial,cross-fit,wife,0,-57900,2015-02-02,Single Vehicle Collision,Front Collision,Major Damage,Police,NC,Northbrook,YES,,99320,7640,15280,76400,Accura,TL,2002,Y,Low,None,Major,Evening,Single Vehicle,Single Witness,Basic
214,41,2004-10-24,IL,1398.51,MALE,Masters,tech-support,polo,not-in-family,0,-57100,2015-02-01,Multi-vehicle Collision,Side Collision,Major Damage,Fire,NC,Northbend,,NO,64000,12800,6400,44800,BMW,X6,1996,Y,Low,Unknown,Major,Afternoon,Multi-Vehicle,No Witness,Premium
209,38,2009-11-08,OH,1355.08,FEMALE,MD,other-service,golf,other-relative,58100,0,2015-01-19,Single Vehicle Collision,Front Collision,Minor Damage,Fire,WV,Northbrook,,,47300,4730,4730,37840,Nissan,Pathfinder,2014,N,Low,None,Minor,Evening,Single Vehicle,Single Witness,Basic
82,27,1996-09-21,IL,1384.51,MALE,PhD,adm-clerical,reading,not-in-family,13100,-38200,2015-02-18,Single Vehicle Collision,Rear Collision,Major Damage,Other,SC,Springfield,NO,,71680,8960,8960,53760,Volkswagen,Jetta,2007,Y,Medium,None,Major,Afternoon,Single Vehicle,Multiple Witnesses,Basic
193,41,1995-07-16,OH,847.03,FEMALE,JD,craft-repair,skydiving,not-in-family,0,0,2015-02-08,Single Vehicle Collision,Side Collision,Major Damage,Other,SC,Springfield,,YES,112320,17280,17280,77760,Suburu,Impreza,2011,Y,Low,None,Minor,Early Morning,Single Vehicle,No Witness,Standard
134,32,2001-06-09,OH,1000.06,FEMALE,PhD,farming-fishing,base-jumping,wife,0,0,2015-01-09,Single Vehicle Collision,Side Collision,Total Loss,Other,NY,Columbus,,,82720,7520,15040,60160,Audi,A3,2014,N,Medium,None,Minor,Afternoon,Single Vehicle,No Witness,Basic
288,45,2002-10-06,IL,1046.71,MALE,Masters,priv-house-serv,polo,husband,0,0,2015-02-27,Multi-vehicle Collision,Rear Collision,Major Damage,Fire,NC,Hillsdale,,,48060,10680,5340,32040,Mercedes,C300,2009,N,Medium,None,Major,Early Morning,Multi-Vehicle,Single Witness,Basic
104,32,1997-07-14,IN,1158.03,MALE,High School,exec-managerial,kayaking,own-child,31900,-44600,2015-01-08,Multi-vehicle Collision,Rear Collision,Total Loss,Police,NY,Riverwood,YES,YES,63570,9780,9780,44010,Volkswagen,Jetta,2006,Y,Low,None,Minor,Evening,Multi-Vehicle,Multiple Witnesses,Standard
431,54,1994-11-11,OH,1372.27,FEMALE,Masters,craft-repair,paintball,own-child,17600,0,2015-01-08,Multi-vehicle Collision,Rear Collision,Total Loss,Fire,WV,Columbus,NO,,63240,10540,10540,42160,Suburu,Forrestor,1997,N,Medium,None,Major,Afternoon,Multi-Vehicle,Multiple Witnesses,Basic
101,33,2012-06-23,OH,1053.04,FEMALE,Masters,other-service,reading,own-child,52000,-44500,2015-02-24,Multi-vehicle Collision,Rear Collision,Minor Damage,Ambulance,NC,Northbrook,NO,,54240,9040,9040,36160,Saab,93,2013,Y,Medium,Unknown,Minor,Evening,Multi-Vehicle,Multiple Witnesses,Basic
375,50,2007-02-18,OH,1275.39,MALE,Associate,sales,bungie-jumping,other-relative,0,0,2015-02-12,Single Vehicle Collision,Front Collision,Major Damage,Police,NY,Riverwood,YES,NO,37280,0,0,37280,Audi,A5,1996,Y,Medium,None,Major,Afternoon,Single Vehicle,Multiple Witnesses,Basic
461,61,2005-06-27,OH,1402.75,MALE,JD,exec-managerial,exercise,husband,0,0,2015-02-18,Multi-vehicle Collision,Rear Collision,Minor Damage,Police,NY,Columbus,,YES,72100,7210,14420,50470,Jeep,Wrangler,2006,N,High,None,Major,Morning,Multi-Vehicle,Single Witness,Basic
428,59,1999-09-29,IN,1344.36,FEMALE,JD,prof-specialty,hiking,other-relative,0,0,2015-02-06,Parked Car,,Minor Damage,,WV,Northbend,,NO,6500,1300,650,4550,Saab,92x,2013,N,Low,Unknown,Major,Morning,Single Vehicle,Multiple Witnesses,Standard
45,38,2006-05-14,IN,1197.71,MALE,Masters,machine-op-inspct,movies,not-in-family,29000,0,2015-02-14,Multi-vehicle Collision,Front Collision,Total Loss,Ambulance,WV,Springfield,,,78240,13040,13040,52160,Suburu,Legacy,2013,N,Medium,None,Major,Afternoon,Multi-Vehicle,No Witness,Basic
136,29,2010-04-29,OH,1203.24,FEMALE,JD,transport-moving,video-games,other-relative,62500,-66900,2015-02-05,Vehicle Theft,,Minor Damage,Police,NY,Columbus,,,6200,1240,620,4340,Honda,Accord,1999,N,Low,None,Major,Morning,Single Vehicle,No Witness,Basic
216,36,1992-11-10,IN,1152.4,FEMALE,Associate,priv-house-serv,reading,unmarried,39600,-82400,2015-01-25,Parked Car,,Minor Damage,Police,VA,Springfield,YES,,6160,560,1680,3920,Mercedes,E400,2014,N,Medium,None,Major,Early Morning,Single Vehicle,Multiple Witnesses,Premium
278,48,1999-07-24,IN,1142.62,FEMALE,MD,farming-fishing,dancing,not-in-family,0,-54000,2015-01-16,Single Vehicle Collision,Front Collision,Total Loss,Ambulance,SC,Northbrook,,,76050,11700,11700,52650,Chevrolet,Silverado,1997,N,High,Unknown,Major,Afternoon,Single Vehicle,No Witness,Premium
295,48,1992-02-22,OH,1332.07,FEMALE,MD,exec-managerial,polo,unmarried,49700,-59100,2015-01-28,Multi-vehicle Collision,Side Collision,Total Loss,Ambulance,NY,Hillsdale,NO,YES,86060,13240,13240,59580,Volkswagen,Passat,2002,N,Medium,None,Major,Evening,Two Vehicles,Single Witness,Premium
112,30,2002-09-13,OH,1166.54,FEMALE,Masters,prof-specialty,sleeping,not-in-family,47700,-59300,2015-01-21,Single Vehicle Collision,Front Collision,Major Damage,Fire,SC,Arlington,YES,NO,107900,10790,21580,75530,Dodge,Neon,1997,Y,Medium,None,Major,Early Morning,Single Vehicle,No Witness,Premium
122,34,2003-08-09,IL,1495.06,FEMALE,Masters,prof-specialty,polo,unmarried,38100,-31400,2015-01-07,Multi-vehicle Collision,Rear Collision,Total Loss,Fire,PA,Columbus,NO,YES,99990,18180,18180,63630,Mercedes,E400,2011,N,Low,None,Major,Evening,Multi-Vehicle,No Witness,Standard
108,29,2007-12-04,IN,1337.92,FEMALE,PhD,armed-forces,bungie-jumping,not-in-family,71400,0,2015-02-23,Multi-vehicle Collision,Side Collision,Minor Damage,Ambulance,WV,Columbus,NO,YES,61380,11160,5580,44640,Suburu,Legacy,2012,N,Medium,None,Major,Early Morning,Multi-Vehicle,Multiple Witnesses,Premium
14,28,2002-07-22,OH,1587.96,FEMALE,Associate,craft-repair,board-games,unmarried,0,-26900,2015-02-14,Single Vehicle Collision,Rear Collision,Major Damage,Fire,WV,Riverwood,,YES,71280,12960,12960,45360,Audi,A5,2012,Y,High,None,Major,Evening,Single Vehicle,Single Witness,Standard
298,45,1992-07-03,IL,1362.29,MALE,High School,farming-fishing,yachting,unmarried,0,-51100,2015-02-27,Multi-vehicle Collision,Front Collision,Minor Damage,Ambulance,NY,Northbend,NO,NO,64000,12800,6400,44800,Saab,95,1999,N,Medium,None,None,Evening,Multi-Vehicle,No Witness,Premium
276,46,2005-03-29,IL,1448.84,FEMALE,Masters,machine-op-inspct,bungie-jumping,husband,0,-50000,2015-02-21,Parked Car,,Trivial Damage,Police,SC,Hillsdale,,NO,5940,660,660,4620,Toyota,Highlander,2015,N,Low,None,None,Morning,Single Vehicle,Single Witness,Standard
47,37,2008-03-16,IN,1241.97,MALE,High School,other-service,movies,not-in-family,75400,0,2015-01-05,Parked Car,,Minor Damage,,NY,Hillsdale,NO,NO,6700,670,670,5360,Jeep,Wrangler,2011,N,High,None,Minor,Evening,Single Vehicle,No Witness,Standard
222,42,1999-05-23,IL,1124.6,MALE,Associate,armed-forces,hiking,not-in-family,0,0,2015-01-30,Multi-vehicle Collision,Rear Collision,Minor Damage,Police,NY,Arlington,YES,,51740,11940,7960,31840,Jeep,Wrangler,2006,N,Low,None,None,Evening,Multi-Vehicle,No Witness,Standard
119,28,2012-11-22,OH,1079.92,MALE,High School,machine-op-inspct,hiking,husband,88800,0,2015-02-26,Single Vehicle Collision,Rear Collision,Total Loss,Ambulance,PA,Riverwood,,YES,53600,6700,6700,40200,Volkswagen,Jetta,2007,Y,High,None,None,Early Morning,Single Vehicle,Single Witness,Standard
73,29,1993-01-29,IL,1447.78,MALE,College,protective-serv,board-games,wife,35100,-59900,2015-01-10,Multi-vehicle Collision,Rear Collision,Total Loss,Other,SC,Arlington,YES,,44910,4990,4990,34930,Dodge,Neon,2001,N,Medium,None,Minor,Afternoon,Multi-Vehicle,No Witness,Standard
8,31,2003-02-11,IN,1229.16,FEMALE,MD,transport-moving,kayaking,wife,0,-88300,2015-02-23,Multi-vehicle Collision,Front Collision,Major Damage,Fire,PA,Hillsdale,,YES,48100,11100,7400,29600,Volkswagen,Jetta,2014,N,Low,Unknown,None,Early Morning,Multi-Vehicle,Multiple Witnesses,Standard
294,44,1990-08-15,IL,1226.49,FEMALE,PhD,farming-fishing,kayaking,unmarried,53900,0,2015-02-05,Vehicle Theft,,Trivial Damage,,WV,Riverwood,NO,NO,6100,610,1220,4270,Ford,Fusion,2002,N,Medium,None,None,Early Morning,Single Vehicle,Single Witness,Basic
324,46,2010-03-06,IN,897.89,MALE,MD,tech-support,board-games,wife,0,-41300,2015-01-21,Single Vehicle Collision,Rear Collision,Minor Damage,Other,PA,Hillsdale,,YES,79600,15920,15920,47760,Jeep,Wrangler,2011,N,High,Unknown,Minor,Afternoon,Single Vehicle,No Witness,Basic
155,34,1990-09-27,IN,1706.79,MALE,Masters,protective-serv,dancing,other-relative,0,0,2015-01-07,Single Vehicle Collision,Front Collision,Minor Damage,Ambulance,OH,Hillsdale,NO,YES,77040,8560,8560,59920,Honda,Civic,1998,N,Low,None,Minor,Early Morning,Single Vehicle,Single Witness,Basic
261,45,2005-06-17,IL,1254.18,FEMALE,PhD,prof-specialty,kayaking,other-relative,0,-45100,2015-01-11,Single Vehicle Collision,Rear Collision,Minor Damage,Fire,SC,Columbus,YES,,62590,11380,11380,39830,Volkswagen,Jetta,2003,N,Medium,None,None,Afternoon,Single Vehicle,Single Witness,Standard
245,40,2001-09-14,IN,885.08,FEMALE,Masters,armed-forces,skydiving,other-relative,27000,-58900,2015-02-06,Single Vehicle Collision,Front Collision,Total Loss,Other,WV,Northbend,YES,NO,85150,13100,13100,58950,Chevrolet,Malibu,1998,N,Low,None,None,Early Morning,Single Vehicle,Single Witness,Premium
235,39,2011-01-07,IL,1046.58,MALE,MD,tech-support,exercise,wife,0,-31700,2015-01-24,Vehicle Theft,,Trivial Damage,,NY,Hillsdale,,NO,4950,450,900,3600,Chevrolet,Silverado,2010,N,Low,Unknown,Major,Early Morning,Single Vehicle,Single Witness,Basic
53,36,2003-09-13,OH,1712.68,MALE,Associate,handlers-cleaners,basketball,not-in-family,72200,0,2015-02-18,Multi-vehicle Collision,Side Collision,Major Damage,Fire,VA,Riverwood,,YES,51100,10220,5110,35770,Audi,A3,2006,N,High,None,Major,Afternoon,Multi-Vehicle,No Witness,Premium
426,54,1997-10-24,IL,1097.71,FEMALE,Masters,adm-clerical,reading,not-in-family,29600,-22300,2015-01-12,Single Vehicle Collision,Side Collision,Minor Damage,Police,SC,Springfield,YES,,100800,16800,16800,67200,Dodge,Neon,1997,N,High,None,Major,Afternoon,Single Vehicle,Multiple Witnesses,Premium
111,27,2009-01-04,IN,1363.77,FEMALE,Masters,tech-support,exercise,husband,51100,0,2015-01-17,Single Vehicle Collision,Side Collision,Total Loss,Police,VA,Springfield,YES,NO,90970,16540,16540,57890,Accura,RSX,2009,N,Low,Unknown,Major,Afternoon,Single Vehicle,Multiple Witnesses,Standard
86,26,1998-10-12,OH,1382.88,MALE,JD,tech-support,cross-fit,other-relative,0,-30300,2015-01-12,Single Vehicle Collision,Rear Collision,Minor Damage,Police,SC,Northbend,,YES,81840,14880,7440,59520,Chevrolet,Malibu,2011,Y,Low,Unknown,Minor,Morning,Single Vehicle,Single Witness,Basic
296,46,1993-02-23,OH,1141.35,MALE,Masters,craft-repair,sleeping,not-in-family,0,0,2015-01-06,Single Vehicle Collision,Front Collision,Major Damage,Ambulance,NY,Northbend,,NO,54900,5490,5490,43920,Mercedes,C300,2013,N,Medium,Unknown,None,Evening,Single Vehicle,Multiple Witnesses,Basic
125,35,1996-07-07,OH,1054.83,MALE,JD,tech-support,cross-fit,husband,0,-51300,2015-02-25,Single Vehicle Collision,Front Collision,Total Loss,Fire,NY,Northbend,YES,NO,88660,8060,16120,64480,Mercedes,C300,2007,Y,Low,Unknown,Major,Afternoon,Single Vehicle,Multiple Witnesses,Premium
177,34,2013-01-23,IL,1057.77,FEMALE,JD,tech-support,bungie-jumping,unmarried,0,-57700,2015-02-16,Multi-vehicle Collision,Front Collision,Total Loss,Ambulance,NC,Riverwood,,NO,18000,2250,2250,13500,Audi,A3,2009,N,High,None,Minor,Evening,Multi-Vehicle,Single Witness,Basic
238,39,2006-12-06,IN,1488.02,FEMALE,JD,protective-serv,exercise,other-relative,0,-39200,2015-02-25,Vehicle Theft,,Minor Damage,Police,NY,Northbrook,YES,YES,5500,1100,550,3850,Chevrolet,Tahoe,2010,N,High,None,Minor,Morning,Single Vehicle,Multiple Witnesses,Standard
81,25,2014-02-23,IN,920.3,FEMALE,High School,tech-support,hiking,own-child,51000,-67900,2015-02-21,Multi-vehicle Collision,Rear Collision,Major Damage,Other,WV,Hillsdale,,,73920,13440,6720,53760,Honda,Civic,2003,Y,Low,Unknown,Minor,Morning,Multi-Vehicle,No Witness,Basic
128,28,2007-11-16,OH,986.53,FEMALE,High School,adm-clerical,polo,other-relative,62700,0,2015-02-16,Single Vehicle Collision,Rear Collision,Total Loss,Ambulance,VA,Columbus,NO,YES,101860,18520,18520,64820,Honda,CRV,2007,N,Medium,None,None,Morning,Single Vehicle,Multiple Witnesses,Premium
449,57,1999-04-17,OH,1440.68,MALE,Associate,tech-support,movies,own-child,25000,0,2015-02-09,Parked Car,,Minor Damage,,SC,Riverwood,YES,YES,5390,980,980,3430,Volkswagen,Passat,2008,N,High,None,None,Morning,Single Vehicle,Single Witness,Standard
252,39,2006-02-06,IN,1086.21,MALE,JD,farming-fishing,hiking,unmarried,68500,-57500,2015-02-13,Single Vehicle Collision,Side Collision,Minor Damage,Police,SC,Springfield,,,50490,5610,5610,39270,Nissan,Maxima,2001,N,Medium,None,Minor,Evening,Single Vehicle,Multiple Witnesses,Standard
359,47,1993-10-20,OH,1367.68,FEMALE,MD,handlers-cleaners,basketball,unmarried,0,0,2015-01-11,Single Vehicle Collision,Front Collision,Total Loss,Police,SC,Arlington,NO,NO,55500,5550,11100,38850,Mercedes,C300,2012,N,High,None,None,Afternoon,Single Vehicle,Multiple Witnesses,Basic
19,32,2006-01-01,OH,1215.85,MALE,High School,other-service,hiking,husband,42900,-90200,2015-01-02,Vehicle Theft,,Minor Damage,Police,VA,Hillsdale,YES,YES,7040,1280,640,5120,Nissan,Maxima,2015,N,Medium,None,Minor,Morning,Single Vehicle,Single Witness,Premium
73,26,2003-04-04,IL,1191.19,MALE,MD,farming-fishing,basketball,not-in-family,29300,0,2015-02-12,Multi-vehicle Collision,Rear Collision,Total Loss,Other,VA,Northbrook,,YES,40160,5020,0,35140,Chevrolet,Tahoe,2003,N,High,Unknown,None,Morning,Multi-Vehicle,Single Witness,Standard
285,44,2014-07-05,IL,1594.45,MALE,High School,handlers-cleaners,bungie-jumping,husband,0,0,2015-02-05,Multi-vehicle Collision,Side Collision,Total Loss,Fire,NC,Columbus,YES,NO,55680,6960,6960,41760,Saab,95,2006,N,Medium,None,Major,Afternoon,Two Vehicles,Multiple Witnesses,Premium
196,36,1996-01-16,IN,1463.07,MALE,MD,armed-forces,skydiving,own-child,0,0,2015-01-24,Vehicle Theft,,Trivial Damage,Police,WV,Springfield,,NO,5300,530,530,4240,Jeep,Grand Cherokee,2001,Y,High,None,Minor,Early Morning,Single Vehicle,Single Witness,Standard
223,43,2002-04-19,OH,1734.09,FEMALE,MD,adm-clerical,camping,not-in-family,0,0,2015-01-12,Parked Car,,Trivial Damage,,WV,Arlington,YES,,5200,650,650,3900,Accura,MDX,2006,N,Low,None,None,Morning,Single Vehicle,Multiple Witnesses,Standard
328,48,2005-12-10,IL,1411.43,MALE,Masters,armed-forces,bungie-jumping,own-child,45100,-32800,2015-01-16,Single Vehicle Collision,Front Collision,Major Damage,Ambulance,NY,Riverwood,YES,NO,59400,5940,11880,41580,Honda,Civic,2014,N,Low,None,Major,Afternoon,Single Vehicle,Single Witness,Standard
285,43,1994-11-07,OH,1512.58,FEMALE,College,sales,paintball,other-relative,47600,0,2015-01-13,Vehicle Theft,,Minor Damage,Police,SC,Arlington,,,2520,280,280,1960,BMW,3 Series,1997,N,High,None,Minor,Morning,Single Vehicle,Single Witness,Basic
30,31,2012-06-02,IL,1153.35,MALE,PhD,craft-repair,golf,not-in-family,0,0,2015-02-02,Vehicle Theft,,Trivial Damage,Police,NY,Hillsdale,NO,YES,5760,960,960,3840,Suburu,Impreza,2011,N,High,None,Major,Morning,Single Vehicle,Single Witness,Standard
342,49,1998-04-07,OH,1722.95,MALE,PhD,transport-moving,base-jumping,not-in-family,63100,-13800,2015-02-28,Single Vehicle Collision,Rear Collision,Minor Damage,Fire,WV,Hillsdale,,YES,76700,7670,7670,61360,Suburu,Legacy,2006,N,Low,None,Major,Early Morning,Single Vehicle,No Witness,Standard
219,39,2007-04-25,IN,1281.07,FEMALE,High School,protective-serv,board-games,unmarried,0,0,2015-01-18,Parked Car,,Trivial Damage,Police,NY,Springfield,NO,NO,5920,740,740,4440,Chevrolet,Malibu,2015,N,High,Unknown,None,Morning,Single Vehicle,Multiple Witnesses,Standard
468,62,2000-06-30,IL,1011.92,MALE,PhD,machine-op-inspct,paintball,wife,0,0,2015-02-15,Multi-vehicle Collision,Rear Collision,Major Damage,Fire,SC,Riverwood,YES,,64350,7150,7150,50050,Chevrolet,Tahoe,2009,N,Low,None,None,Morning,Multi-Vehicle,Multiple Witnesses,Basic
241,39,1996-06-04,IL,1042.26,MALE,JD,sales,kayaking,husband,0,0,2015-01-31,Multi-vehicle Collision,Rear Collision,Total Loss,Ambulance,WV,Northbend,NO,,19080,4240,2120,12720,Saab,93,1995,N,High,None,Minor,Evening,Multi-Vehicle,Multiple Witnesses,Standard
223,43,2009-05-09,OH,1235.1,FEMALE,Masters,tech-support,exercise,not-in-family,66400,-34400,2015-02-10,Single Vehicle Collision,Rear Collision,Minor Damage,Police,SC,Springfield,NO,NO,54400,5440,5440,43520,BMW,M5,2011,N,Low,None,Major,Afternoon,Single Vehicle,Single Witness,Premium
128,32,2001-07-08,OH,768.91,FEMALE,College,sales,chess,other-relative,0,-39300,2015-02-26,Single Vehicle Collision,Rear Collision,Total Loss,Fire,SC,Columbus,,NO,59800,5980,5980,47840,Ford,F150,1999,Y,High,None,Minor,Early Morning,Single Vehicle,No Witness,Basic
124,29,1993-09-20,OH,1301.72,MALE,Masters,handlers-cleaners,golf,husband,0,0,2015-02-25,Multi-vehicle Collision,Side Collision,Major Damage,Police,VA,Springfield,,YES,72000,7200,7200,57600,Audi,A3,2005,N,Low,None,None,Afternoon,Multi-Vehicle,Multiple Witnesses,Premium
343,48,2009-11-03,IN,1451.54,MALE,JD,adm-clerical,hiking,husband,0,0,2015-01-08,Multi-vehicle Collision,Side Collision,Total Loss,Police,SC,Riverwood,NO,NO,65070,7230,14460,43380,Mercedes,C300,2003,N,Low,Premium,Major,Afternoon,Multi-Vehicle,Multiple Witnesses,Standard
404,53,2014-12-10,IN,767.14,MALE,Associate,sales,reading,not-in-family,25500,-36700,2015-01-14,Parked Car,,Trivial Damage,Police,WV,Columbus,NO,NO,8800,1760,880,6160,Suburu,Legacy,2002,N,Low,None,None,Morning,Single Vehicle,Single Witness,Standard
63,24,1994-01-08,OH,1620.89,FEMALE,High School,handlers-cleaners,movies,other-relative,0,0,2015-02-03,Vehicle Theft,,Minor Damage,Police,NC,Hillsdale,NO,NO,6120,1020,1020,4080,Toyota,Corolla,2015,N,High,None,Major,Morning,Single Vehicle,No Witness,Standard
210,37,2006-08-05,IN,1048.46,MALE,High School,priv-house-serv,skydiving,not-in-family,59900,0,2015-01-05,Vehicle Theft,,Trivial Damage,,OH,Columbus,,,7080,1180,590,5310,Dodge,RAM,1999,N,High,None,Minor,Morning,Single Vehicle,Multiple Witnesses,Premium
335,50,2007-02-07,OH,1538.26,MALE,High School,sales,yachting,other-relative,62200,-31400,2015-01-24,Multi-vehicle Collision,Side Collision,Minor Damage,Ambulance,NY,Riverwood,YES,YES,34320,8580,4290,21450,Volkswagen,Passat,2009,N,Medium,Unknown,Major,Afternoon,Multi-Vehicle,Multiple Witnesses,Basic
11,40,2001-04-09,OH,1217.69,FEMALE,MD,prof-specialty,reading,wife,24000,0,2015-01-26,Multi-vehicle Collision,Side Collision,Major Damage,Other,SC,Springfield,,,53460,9720,9720,34020,Dodge,Neon,2004,Y,High,None,Minor,Morning,Multi-Vehicle,No Witness,Premium
142,33,1995-02-17,IN,1362.64,FEMALE,JD,exec-managerial,cross-fit,wife,0,0,2015-01-21,Single Vehicle Collision,Side Collision,Total Loss,Other,NC,Columbus,YES,,81360,6780,13560,61020,Suburu,Legacy,2009,Y,High,Unknown,Minor,Morning,Single Vehicle,Multiple Witnesses,Basic
272,43,1995-07-25,OH,1279.13,MALE,PhD,craft-repair,bungie-jumping,other-relative,0,0,2015-02-06,Multi-vehicle Collision,Side Collision,Minor Damage,Ambulance,NC,Springfield,,YES,81070,7370,14740,58960,Audi,A3,2006,Y,Medium,None,Minor,Early Morning,Multi-Vehicle,Multiple Witnesses,Basic
69,26,2006-03-24,IL,924.72,FEMALE,High School,machine-op-inspct,base-jumping,unmarried,0,0,2015-01-07,Single Vehicle Collision,Front Collision,Minor Damage,Fire,NY,Columbus,NO,NO,63120,5260,10520,47340,Audi,A5,2008,N,High,None,Major,Afternoon,Single Vehicle,Multiple Witnesses,Basic
38,28,1995-03-28,OH,1019.44,MALE,Masters,transport-moving,yachting,not-in-family,0,-39700,2015-02-10,Vehicle Theft,,Trivial Damage,,NC,Springfield,,NO,7200,1440,720,5040,BMW,X5,2004,N,Medium,None,Major,Afternoon,Single Vehicle,Single Witness,Standard
328,46,1996-06-19,IL,1314.6,FEMALE,MD,prof-specialty,exercise,not-in-family,24800,0,2015-02-23,Single Vehicle Collision,Rear Collision,Total Loss,Other,WV,Hillsdale,,,70290,12780,6390,51120,Saab,92x,1998,Y,Low,None,Major,Early Morning,Single Vehicle,Multiple Witnesses,Premium
281,43,1993-06-16,OH,1515.18,MALE,College,priv-house-serv,camping,other-relative,0,0,2015-01-09,Multi-vehicle Collision,Side Collision,Minor Damage,Fire,SC,Northbrook,NO,NO,60190,9260,9260,41670,BMW,X6,1999,N,Medium,Unknown,Minor,Evening,Multi-Vehicle,No Witness,Basic
246,44,2001-07-11,OH,1649.18,MALE,College,farming-fishing,base-jumping,other-relative,0,-58600,2015-02-22,Single Vehicle Collision,Front Collision,Major Damage,Other,NY,Hillsdale,YES,YES,61380,11160,5580,44640,Honda,Civic,2009,Y,High,None,Minor,Evening,Single Vehicle,Multiple Witnesses,Standard
298,49,2008-11-22,OH,1451.01,FEMALE,College,other-service,exercise,own-child,47800,0,2015-02-21,Single Vehicle Collision,Front Collision,Minor Damage,Ambulance,NY,Springfield,NO,NO,28100,2810,5620,19670,Jeep,Grand Cherokee,2012,N,Low,None,Major,Afternoon,Single Vehicle,Multiple Witnesses,Standard
330,50,2002-12-28,IL,978.46,FEMALE,High School,sales,yachting,husband,0,0,2015-02-04,Single Vehicle Collision,Side Collision,Total Loss,Fire,NY,Hillsdale,YES,NO,49060,8920,8920,31220,Chevrolet,Silverado,1995,N,Medium,None,None,Evening,Single Vehicle,No Witness,Premium
362,50,2006-01-01,IL,1198.34,MALE,Associate,sales,board-games,wife,53000,-72500,2015-01-07,Multi-vehicle Collision,Side Collision,Total Loss,Fire,NY,Columbus,,NO,57060,6340,6340,44380,Mercedes,E400,1995,N,Low,Unknown,Minor,Afternoon,Multi-Vehicle,Single Witness,Standard
241,38,1990-05-19,IN,1003.23,FEMALE,Associate,tech-support,kayaking,not-in-family,0,0,2015-01-17,Multi-vehicle Collision,Side Collision,Major Damage,Fire,VA,Arlington,,YES,77880,12980,12980,51920,Accura,MDX,2008,N,High,None,None,Evening,Multi-Vehicle,Multiple Witnesses,Basic
245,41,2013-08-26,IN,1212.0,MALE,Masters,exec-managerial,basketball,unmarried,24400,-60500,2015-01-28,Single Vehicle Collision,Front Collision,Total Loss,Ambulance,NY,Springfield,YES,YES,73500,7350,14700,51450,Jeep,Wrangler,1999,N,High,None,None,Early Morning,Single Vehicle,Single Witness,Premium
371,52,1997-10-12,IL,1242.96,FEMALE,High School,other-service,paintball,own-child,0,-37100,2015-02-22,Multi-vehicle Collision,Rear Collision,Minor Damage,Other,NY,Riverwood,YES,,88920,6840,13680,68400,Accura,RSX,2010,N,Medium,Unknown,Major,Early Morning,Two Vehicles,No Witness,Standard
343,52,2002-01-21,IL,1053.02,FEMALE,Associate,prof-specialty,bungie-jumping,not-in-family,0,0,2015-02-16,Single Vehicle Collision,Front Collision,Major Damage,Other,NY,Arlington,,NO,47630,12990,4330,30310,Toyota,Corolla,2005,Y,Medium,None,None,Early Morning,Single Vehicle,Multiple Witnesses,Premium
377,53,1996-09-02,IL,1693.63,FEMALE,MD,craft-repair,kayaking,unmarried,0,-64000,2015-02-17,Multi-vehicle Collision,Front Collision,Total Loss,Fire,WV,Hillsdale,YES,NO,59040,6560,6560,45920,Saab,93,2015,N,Low,None,Minor,Morning,Multi-Vehicle,Multiple Witnesses,Basic
154,37,2010-01-28,IL,2047.59,FEMALE,MD,farming-fishing,dancing,other-relative,0,-67800,2015-01-09,Single Vehicle Collision,Rear Collision,Minor Damage,Other,SC,Columbus,,NO,79530,14460,7230,57840,Accura,MDX,2000,N,Medium,None,None,Early Morning,Single Vehicle,Multiple Witnesses,Standard
166,34,2014-10-03,OH,1083.72,FEMALE,High School,machine-op-inspct,base-jumping,wife,65600,-68200,2015-02-09,Single Vehicle Collision,Side Collision,Total Loss,Other,NY,Columbus,NO,YES,53680,4880,4880,43920,Honda,CRV,2005,N,Medium,None,None,Evening,Single Vehicle,Multiple Witnesses,Basic
298,46,2007-05-02,OH,1138.42,MALE,JD,prof-specialty,dancing,own-child,36900,-55000,2015-02-16,Single Vehicle Collision,Side Collision,Minor Damage,Police,SC,Arlington,NO,YES,33550,3050,6100,24400,Volkswagen,Passat,2005,N,Medium,Unknown,Major,Evening,Single Vehicle,Multiple Witnesses,Premium
235,42,1990-09-22,IN,1072.62,FEMALE,Masters,machine-op-inspct,exercise,husband,39900,-60200,2015-02-18,Multi-vehicle Collision,Side Collision,Total Loss,Other,WV,Springfield,,YES,69100,6910,6910,55280,Toyota,Highlander,2006,N,Low,None,Major,Morning,Multi-Vehicle,Single Witness,Standard
172,35,2004-09-19,IL,1219.04,MALE,MD,handlers-cleaners,paintball,own-child,63600,-68700,2015-01-11,Multi-vehicle Collision,Rear Collision,Major Damage,Police,OH,Hillsdale,,NO,79750,14500,14500,50750,Nissan,Pathfinder,1999,N,High,None,Major,Evening,Multi-Vehicle,No Witness,Basic
27,28,1995-08-28,IN,1371.78,MALE,JD,farming-fishing,polo,other-relative,0,-32500,2015-02-04,Multi-vehicle Collision,Front Collision,Major Damage,Other,PA,Riverwood,,YES,53600,5360,10720,37520,Audi,A5,2015,Y,High,None,None,Morning,Multi-Vehicle,Multiple Witnesses,Basic
428,54,2004-02-04,IN,1506.21,MALE,Masters,transport-moving,kayaking,unmarried,0,-24400,2015-01-22,Multi-vehicle Collision,Side Collision,Minor Damage,Fire,NY,Riverwood,NO,,76560,12760,6380,57420,Nissan,Ultima,2009,N,High,None,Minor,Afternoon,Multi-Vehicle,No Witness,Basic
99,32,2014-07-23,IN,1058.21,MALE,JD,craft-repair,golf,unmarried,0,0,2015-01-10,Single Vehicle Collision,Front Collision,Total Loss,Fire,NY,Arlington,YES,NO,41130,4570,4570,31990,Dodge,RAM,1999,N,Medium,Premium,Minor,Afternoon,Single Vehicle,Single Witness,Basic
107,26,1997-03-21,IL,932.14,MALE,MD,sales,cross-fit,own-child,40600,0,2015-01-10,Multi-vehicle Collision,Rear Collision,Total Loss,Fire,SC,Columbus,NO,NO,78650,14300,7150,57200,Audi,A3,1996,Y,High,None,Major,Early Morning,Multi-Vehicle,Multiple Witnesses,Premium
272,41,1991-05-06,OH,1608.34,FEMALE,Associate,farming-fishing,reading,own-child,33300,-10600,2015-02-16,Single Vehicle Collision,Side Collision,Major Damage,Other,NY,Springfield,,,71060,6460,12920,51680,Saab,92x,2010,N,High,None,Minor,Evening,Single Vehicle,Single Witness,Premium
151,37,1992-08-07,IN,1728.56,FEMALE,Masters,farming-fishing,dancing,own-child,54000,0,2015-02-08,Single Vehicle Collision,Front Collision,Minor Damage,Fire,WV,Northbrook,YES,,38830,3530,3530,31770,Suburu,Legacy,1999,N,Medium,None,Minor,Early Morning,Single Vehicle,Single Witness,Premium
249,43,2013-09-03,IL,1518.46,FEMALE,MD,armed-forces,cross-fit,own-child,0,0,2015-01-26,Single Vehicle Collision,Front Collision,Major Damage,Fire,SC,Riverwood,,YES,53500,5350,5350,42800,Saab,92x,2015,N,Medium,None,None,Afternoon,Single Vehicle,No Witness,Standard
177,38,2012-01-05,IL,1540.19,FEMALE,College,adm-clerical,skydiving,other-relative,0,-74500,2015-02-01,Single Vehicle Collision,Front Collision,Major Damage,Other,VA,Columbus,YES,NO,73700,7370,7370,58960,Chevrolet,Silverado,2001,Y,High,None,Major,Evening,Single Vehicle,No Witness,Basic
190,40,2007-01-27,OH,965.21,FEMALE,JD,exec-managerial,camping,other-relative,36900,-53700,2015-02-02,Parked Car,,Trivial Damage,,SC,Hillsdale,,YES,6300,630,630,5040,Nissan,Ultima,2001,N,High,None,Major,Morning,Single Vehicle,Single Witness,Premium
174,36,2005-10-14,IL,1278.75,FEMALE,College,tech-support,paintball,own-child,53200,-53800,2015-02-06,Multi-vehicle Collision,Rear Collision,Total Loss,Ambulance,NY,Riverwood,,NO,65400,10900,10900,43600,Dodge,RAM,2012,N,High,None,Major,Evening,Multi-Vehicle,Multiple Witnesses,Basic
95,28,1990-11-03,OH,773.99,MALE,Associate,armed-forces,board-games,other-relative,0,-70300,2015-01-01,Vehicle Theft,,Trivial Damage,,PA,Springfield,YES,NO,3200,640,320,2240,Mercedes,E400,2014,N,Medium,None,Minor,Early Morning,Single Vehicle,Multiple Witnesses,Standard
371,51,2005-10-15,IN,1532.47,FEMALE,Associate,tech-support,golf,other-relative,60300,-24700,2015-01-19,Single Vehicle Collision,Rear Collision,Major Damage,Fire,NY,Arlington,YES,YES,75400,7540,15080,52780,Dodge,RAM,2012,Y,Medium,None,None,Morning,Single Vehicle,Multiple Witnesses,Premium
2,28,1999-05-22,IL,1340.56,FEMALE,JD,machine-op-inspct,golf,not-in-family,0,0,2015-01-17,Single Vehicle Collision,Side Collision,Minor Damage,Fire,NY,Northbend,YES,YES,58140,6460,6460,45220,Saab,92x,2008,N,Medium,None,None,Evening,Single Vehicle,Multiple Witnesses,Standard
269,44,2002-12-21,OH,1297.75,FEMALE,JD,other-service,chess,own-child,0,-41400,2015-02-01,Multi-vehicle Collision,Rear Collision,Total Loss,Ambulance,SC,Columbus,,,98670,15180,15180,68310,Chevrolet,Tahoe,2010,Y,Low,Unknown,None,Afternoon,Multi-Vehicle,Single Witness,Basic
101,27,2007-02-10,IL,433.33,MALE,Masters,machine-op-inspct,golf,other-relative,25900,0,2015-01-02,Parked Car,,Minor Damage,,SC,Hillsdale,,NO,5900,1180,590,4130,Mercedes,E400,2009,N,Medium,None,None,Morning,Single Vehicle,Multiple Witnesses,Standard
94,30,2002-03-01,IN,1025.54,FEMALE,High School,armed-forces,paintball,other-relative,0,-52600,2015-02-20,Single Vehicle Collision,Rear Collision,Major Damage,Fire,NC,Arlington,,YES,64100,6410,6410,51280,Chevrolet,Malibu,2001,N,High,None,Minor,Evening,Single Vehicle,Multiple Witnesses,Standard
117,28,2003-04-21,OH,1264.77,FEMALE,Associate,transport-moving,yachting,unmarried,47500,-32500,2015-02-05,Multi-vehicle Collision,Rear Collision,Total Loss,Fire,SC,Springfield,YES,,55440,5040,10080,40320,Suburu,Forrestor,2009,Y,Low,None,None,Afternoon,Two Vehicles,Single Witness,Standard
111,27,2002-09-22,OH,1459.97,MALE,MD,sales,yachting,other-relative,0,0,2015-02-27,Multi-vehicle Collision,Side Collision,Major Damage,Police,SC,Northbend,NO,NO,80850,7350,14700,58800,Ford,F150,2011,Y,Low,Unknown,Minor,Early Morning,Multi-Vehicle,Multiple Witnesses,Standard
242,40,1998-02-10,OH,1238.65,FEMALE,High School,transport-moving,bungie-jumping,husband,0,-44600,2015-01-27,Vehicle Theft,,Trivial Damage,Police,WV,Springfield,YES,NO,7480,680,680,6120,Saab,95,1998,N,Low,None,Minor,Early Morning,Single Vehicle,Single Witness,Basic
440,61,1992-09-01,OH,1050.76,MALE,PhD,transport-moving,movies,wife,41500,-70200,2015-01-26,Single Vehicle Collision,Side Collision,Major Damage,Fire,OH,Riverwood,,NO,53640,5960,5960,41720,Nissan,Maxima,2004,Y,Low,None,Major,Evening,Single Vehicle,Multiple Witnesses,Standard
20,23,1999-05-01,OH,1711.72,FEMALE,JD,tech-support,base-jumping,wife,0,0,2015-01-13,Multi-vehicle Collision,Rear Collision,Major Damage,Fire,SC,Northbrook,NO,NO,63250,5750,11500,46000,Chevrolet,Tahoe,2002,Y,Medium,None,Major,Evening,Multi-Vehicle,Multiple Witnesses,Premium
461,57,1997-12-19,IL,865.33,FEMALE,High School,farming-fishing,golf,own-child,0,0,2015-01-14,Multi-vehicle Collision,Side Collision,Major Damage,Ambulance,NY,Hillsdale,NO,,59040,9840,9840,39360,Dodge,RAM,1995,N,Low,Unknown,None,Morning,Multi-Vehicle,Single Witness,Basic
208,36,2000-06-18,IL,1153.49,MALE,Associate,craft-repair,base-jumping,other-relative,0,0,2015-02-22,Multi-vehicle Collision,Side Collision,Total Loss,Other,SC,Arlington,YES,YES,50500,10100,5050,35350,Accura,TL,2004,N,Low,None,Minor,Afternoon,Multi-Vehicle,No Witness,Standard
279,43,1995-04-24,OH,1281.25,MALE,Associate,machine-op-inspct,cross-fit,other-relative,0,0,2015-01-17,Single Vehicle Collision,Side Collision,Major Damage,Police,SC,Columbus,YES,NO,57690,6410,12820,38460,Mercedes,C300,2010,Y,High,None,None,Afternoon,Single Vehicle,Single Witness,Premium
244,40,2006-06-16,IL,1342.8,FEMALE,MD,sales,base-jumping,husband,0,0,2015-02-02,Vehicle Theft,,Trivial Damage,Police,NY,Springfield,YES,YES,5940,660,660,4620,Toyota,Camry,2014,N,Low,None,Minor,Early Morning,Single Vehicle,Multiple Witnesses,Basic
134,30,2007-09-28,OH,1443.32,FEMALE,PhD,exec-managerial,dancing,unmarried,0,0,2015-01-07,Multi-vehicle Collision,Rear Collision,Major Damage,Fire,SC,Northbend,,YES,47790,5310,5310,37170,Suburu,Impreza,1995,Y,High,None,None,Evening,Multi-Vehicle,Multiple Witnesses,Standard
122,29,1991-11-21,OH,1629.94,FEMALE,Masters,priv-house-serv,skydiving,other-relative,0,-47100,2015-02-02,Parked Car,,Trivial Damage,,SC,Riverwood,,NO,3850,350,350,3150,Dodge,Neon,2014,N,Medium,None,None,Afternoon,Single Vehicle,Single Witness,Standard
156,31,1996-09-21,IL,1134.08,MALE,PhD,other-service,reading,husband,0,0,2015-02-07,Single Vehicle Collision,Front Collision,Major Damage,Police,NC,Arlington,,,59000,5900,5900,47200,Ford,Fusion,2013,Y,High,None,Major,Early Morning,Single Vehicle,No Witness,Basic
232,43,2001-05-16,OH,1483.91,MALE,College,machine-op-inspct,golf,husband,0,-33600,2015-01-18,Multi-vehicle Collision,Rear Collision,Major Damage,Ambulance,NY,Arlington,NO,,70600,7060,14120,49420,Volkswagen,Passat,2013,Y,Low,Unknown,None,Afternoon,Multi-Vehicle,Single Witness,Standard
244,40,1999-08-11,IN,1304.67,MALE,Masters,armed-forces,base-jumping,other-relative,0,-45000,2015-01-10,Multi-vehicle Collision,Side Collision,Minor Damage,Police,SC,Hillsdale,,,61490,5590,11180,44720,Dodge,RAM,2001,N,High,Unknown,Minor,Early Morning,Multi-Vehicle,Single Witness,Premium
84,30,2003-06-16,IL,1035.79,FEMALE,MD,protective-serv,kayaking,wife,44400,-51500,2015-01-30,Single Vehicle Collision,Side Collision,Minor Damage,Police,SC,Northbend,NO,YES,57640,5240,10480,41920,Volkswagen,Passat,2010,N,High,None,Minor,Morning,Single Vehicle,No Witness,Premium
394,57,1999-03-30,IL,1401.2,FEMALE,High School,craft-repair,movies,own-child,51500,0,2015-01-25,Vehicle Theft,,Trivial Damage,Police,NC,Hillsdale,NO,NO,6890,1060,1060,4770,Audi,A5,1999,N,Low,None,Minor,Morning,Single Vehicle,No Witness,Standard
246,45,1999-02-03,IL,1665.45,MALE,JD,machine-op-inspct,hiking,wife,34400,-33100,2015-01-29,Multi-vehicle Collision,Side Collision,Major Damage,Fire,PA,Columbus,,,53280,11840,5920,35520,Toyota,Camry,2006,Y,Medium,None,Major,Morning,Multi-Vehicle,Multiple Witnesses,Standard
35,29,2011-08-25,IN,653.66,FEMALE,JD,handlers-cleaners,video-games,unmarried,52100,-46900,2015-02-24,Multi-vehicle Collision,Rear Collision,Minor Damage,Fire,SC,Springfield,NO,,78300,15660,7830,54810,BMW,X5,2009,N,High,None,None,Evening,Multi-Vehicle,No Witness,Premium
156,37,2010-06-28,OH,1080.13,MALE,Associate,protective-serv,reading,other-relative,0,-61000,2015-01-04,Multi-vehicle Collision,Rear Collision,Major Damage,Ambulance,PA,Springfield,YES,NO,41490,4610,4610,32270,Nissan,Pathfinder,2001,N,Low,None,None,Afternoon,Multi-Vehicle,Multiple Witnesses,Basic
195,36,2001-11-06,IN,1346.18,FEMALE,Associate,machine-op-inspct,camping,wife,57800,-53300,2015-02-25,Multi-vehicle Collision,Front Collision,Total Loss,Fire,SC,Hillsdale,YES,YES,68970,12540,6270,50160,Chevrolet,Tahoe,2007,N,High,None,Major,Afternoon,Multi-Vehicle,Multiple Witnesses,Basic
369,55,2013-04-15,OH,1589.54,MALE,College,handlers-cleaners,camping,husband,55400,0,2015-01-27,Multi-vehicle Collision,Rear Collision,Minor Damage,Police,VA,Arlington,,YES,85300,17060,8530,59710,Toyota,Highlander,2003,N,High,None,Major,Morning,Multi-Vehicle,No Witness,Standard
271,40,1995-12-07,IL,1251.65,FEMALE,Associate,other-service,camping,wife,71200,0,2015-02-19,Parked Car,,Minor Damage,,NY,Hillsdale,NO,NO,3080,560,280,2240,Audi,A3,2012,N,Medium,None,None,Morning,Single Vehicle,No Witness,Basic
332,47,1991-11-01,IL,1083.01,MALE,MD,craft-repair,paintball,other-relative,91900,0,2015-01-31,Multi-vehicle Collision,Front Collision,Major Damage,Police,WV,Arlington,YES,,71760,11040,11040,49680,Jeep,Grand Cherokee,2010,Y,High,None,Major,Evening,Multi-Vehicle,No Witness,Basic
107,26,2014-05-19,OH,974.59,FEMALE,JD,armed-forces,skydiving,wife,62800,0,2015-01-18,Multi-vehicle Collision,Rear Collision,Minor Damage,Ambulance,NY,Arlington,,NO,59700,11940,11940,35820,Nissan,Ultima,2002,N,Low,None,Minor,Afternoon,Multi-Vehicle,No Witness,Basic
217,39,1992-03-15,IL,1399.85,FEMALE,Masters,other-service,skydiving,other-relative,49900,-19800,2015-01-10,Multi-vehicle Collision,Front Collision,Minor Damage,Fire,NY,Columbus,NO,,64920,10820,10820,43280,Ford,Fusion,1997,N,High,None,None,Afternoon,Multi-Vehicle,Multiple Witnesses,Premium
243,43,2006-02-03,IN,1307.74,FEMALE,Associate,machine-op-inspct,board-games,own-child,0,-75700,2015-01-28,Multi-vehicle Collision,Front Collision,Major Damage,Ambulance,SC,Riverwood,,NO,37530,4170,4170,29190,Jeep,Wrangler,2008,N,Low,None,None,Morning,Multi-Vehicle,Single Witness,Premium
296,42,2003-03-16,IN,1219.27,MALE,Associate,tech-support,paintball,husband,53100,-63400,2015-02-16,Multi-vehicle Collision,Side Collision,Total Loss,Ambulance,WV,Columbus,YES,NO,64080,7120,7120,49840,Saab,93,2012,N,High,None,Minor,Morning,Multi-Vehicle,Multiple Witnesses,Standard
264,41,2002-10-16,OH,1411.3,MALE,PhD,prof-specialty,cross-fit,unmarried,55600,0,2015-02-08,Single Vehicle Collision,Rear Collision,Minor Damage,Other,PA,Northbrook,NO,,60390,10980,5490,43920,BMW,M5,2004,Y,Low,None,Minor,Early Morning,Single Vehicle,No Witness,Basic
108,33,1990-01-27,IL,694.45,FEMALE,JD,armed-forces,exercise,not-in-family,0,0,2015-01-20,Multi-vehicle Collision,Side Collision,Major Damage,Police,WV,Northbend,,YES,64350,5850,11700,46800,Nissan,Pathfinder,2011,Y,High,None,None,Morning,Multi-Vehicle,Single Witness,Basic
32,38,2010-03-11,IL,1006.77,FEMALE,College,other-service,sleeping,own-child,0,0,2015-02-06,Multi-vehicle Collision,Side Collision,Minor Damage,Police,SC,Northbend,YES,YES,70900,14180,7090,49630,BMW,X6,1997,N,Low,Unknown,Major,Afternoon,Multi-Vehicle,Single Witness,Basic
259,39,1995-09-19,OH,1422.36,FEMALE,JD,craft-repair,movies,unmarried,0,-83900,2015-01-24,Multi-vehicle Collision,Side Collision,Minor Damage,Fire,PA,Columbus,NO,,46560,7760,7760,31040,Nissan,Ultima,2012,N,Medium,None,Minor,Afternoon,Multi-Vehicle,Multiple Witnesses,Standard
186,33,2010-02-27,IN,1348.32,FEMALE,Associate,craft-repair,cross-fit,wife,37600,-37600,2015-01-14,Vehicle Theft,,Trivial Damage,Police,NY,Arlington,NO,,4730,860,860,3010,Chevrolet,Malibu,2013,Y,Medium,None,Major,Early Morning,Single Vehicle,Single Witness,Basic
201,40,1991-12-28,OH,1315.56,FEMALE,PhD,transport-moving,video-games,not-in-family,0,0,2015-02-18,Vehicle Theft,,Minor Damage,Police,SC,Northbrook,YES,YES,6820,1240,1240,4340,Jeep,Grand Cherokee,2003,N,High,None,None,Afternoon,Single Vehicle,No Witness,Standard
436,58,2002-04-30,OH,1407.01,MALE,PhD,tech-support,sleeping,other-relative,47400,-27600,2015-01-10,Single Vehicle Collision,Rear Collision,Major Damage,Police,WV,Riverwood,,,59900,11980,5990,41930,BMW,X5,1997,Y,High,Unknown,None,Morning,Single Vehicle,Multiple Witnesses,Standard
189,36,2007-04-28,OH,1388.58,FEMALE,MD,priv-house-serv,basketball,own-child,0,-49400,2015-02-13,Multi-vehicle Collision,Side Collision,Major Damage,Police,WV,Riverwood,,YES,79560,13260,13260,53040,Ford,Escape,2009,N,High,None,Minor,Afternoon,Multi-Vehicle,Multiple Witnesses,Standard
105,33,1996-07-08,IL,1310.76,FEMALE,High School,adm-clerical,kayaking,not-in-family,0,-40900,2015-02-17,Single Vehicle Collision,Front Collision,Total Loss,Other,VA,Northbrook,YES,,70290,12780,6390,51120,Accura,MDX,2008,N,Low,None,None,Morning,Single Vehicle,Single Witness,Premium
163,31,2002-04-01,IN,1004.63,MALE,JD,priv-house-serv,hiking,not-in-family,26900,0,2015-01-07,Multi-vehicle Collision,Rear Collision,Total Loss,Ambulance,SC,Hillsdale,YES,NO,63910,5810,11620,46480,Suburu,Forrestor,1999,N,Medium,Unknown,Major,Afternoon,Multi-Vehicle,No Witness,Basic
219,40,2006-10-29,OH,1134.91,FEMALE,Associate,transport-moving,golf,not-in-family,68700,0,2015-01-29,Vehicle Theft,,Trivial Damage,,SC,Riverwood,,NO,6400,640,640,5120,Toyota,Camry,1997,N,Low,None,Minor,Morning,Single Vehicle,No Witness,Basic
88,25,2007-10-25,IN,1194.0,FEMALE,JD,handlers-cleaners,movies,husband,0,0,2015-02-13,Single Vehicle Collision,Rear Collision,Major Damage,Ambulance,SC,Northbrook,YES,YES,66780,7420,7420,51940,Ford,Escape,2013,Y,Medium,None,Minor,Morning,Single Vehicle,Multiple Witnesses,Standard
40,39,2001-03-28,IN,1248.25,FEMALE,College,sales,hiking,own-child,0,-33300,2015-02-01,Parked Car,,Minor Damage,Police,VA,Northbrook,NO,,8760,1460,1460,5840,BMW,3 Series,2013,N,Medium,Unknown,None,Morning,Single Vehicle,Multiple Witnesses,Premium
284,42,1995-05-04,OH,1338.54,MALE,Associate,machine-op-inspct,kayaking,wife,0,0,2015-01-29,Single Vehicle Collision,Side Collision,Major Damage,Ambulance,NC,Arlington,YES,,94160,8560,17120,68480,Chevrolet,Malibu,1996,N,Low,Unknown,None,Afternoon,Single Vehicle,Single Witness,Basic
59,40,2011-09-28,IL,782.23,MALE,College,protective-serv,golf,other-relative,64200,-32300,2015-02-06,Multi-vehicle Collision,Front Collision,Total Loss,Ambulance,OH,Springfield,,NO,51570,5730,11460,34380,BMW,X5,2010,N,High,None,None,Early Morning,Multi-Vehicle,Multiple Witnesses,Standard
39,31,2003-01-28,IL,1366.9,FEMALE,High School,handlers-cleaners,polo,husband,0,-15700,2015-01-28,Multi-vehicle Collision,Rear Collision,Major Damage,Fire,NC,Northbend,,NO,52700,10540,10540,31620,BMW,X6,2014,Y,High,None,Minor,Afternoon,Multi-Vehicle,No Witness,Standard
147,34,2011-02-01,IL,1275.81,MALE,High School,sales,dancing,wife,0,-48300,2015-01-21,Single Vehicle Collision,Side Collision,Minor Damage,Fire,NY,Columbus,YES,,101010,15540,15540,69930,Mercedes,ML350,1998,N,Medium,None,Major,Afternoon,Single Vehicle,Multiple Witnesses,Premium
156,37,1993-02-09,IN,1090.65,MALE,High School,exec-managerial,golf,unmarried,0,-51800,2015-01-16,Multi-vehicle Collision,Rear Collision,Minor Damage,Police,NC,Columbus,,YES,53400,5340,5340,42720,Honda,Civic,2010,Y,Low,None,Minor,Afternoon,Multi-Vehicle,Multiple Witnesses,Standard
123,31,2005-08-05,IN,1326.0,FEMALE,Associate,prof-specialty,basketball,wife,0,-54600,2015-02-17,Single Vehicle Collision,Side Collision,Total Loss,Fire,SC,Northbrook,,NO,72120,12020,12020,48080,Mercedes,ML350,2009,N,Low,None,Minor,Afternoon,Single Vehicle,Multiple Witnesses,Standard
231,43,2006-06-17,IL,972.47,MALE,College,protective-serv,reading,wife,0,-58100,2015-02-01,Multi-vehicle Collision,Front Collision,Minor Damage,Police,PA,Hillsdale,YES,YES,77100,7710,15420,53970,Audi,A3,2010,N,High,None,Major,Afternoon,Multi-Vehicle,Multiple Witnesses,Standard
247,39,1993-12-07,IL,806.31,FEMALE,College,handlers-cleaners,dancing,wife,0,0,2015-02-25,Parked Car,,Trivial Damage,Police,SC,Northbend,,,3300,600,0,2700,Dodge,RAM,2003,N,Low,None,Major,Early Morning,Single Vehicle,Multiple Witnesses,Basic
194,35,2012-03-14,IL,1416.24,FEMALE,MD,adm-clerical,golf,not-in-family,0,0,2015-02-26,Parked Car,,Minor Damage,,WV,Northbend,YES,,5940,1080,540,4320,Nissan,Pathfinder,2003,N,Low,None,Minor,Morning,Single Vehicle,No Witness,Premium
119,27,1997-08-05,IN,1097.64,MALE,High School,transport-moving,video-games,other-relative,27100,0,2015-02-06,Multi-vehicle Collision,Rear Collision,Major Damage,Other,PA,Northbend,NO,,63720,7080,21240,35400,Accura,TL,2006,N,High,None,Minor,Afternoon,Two Vehicles,No Witness,Standard
259,43,2009-07-05,IL,947.75,FEMALE,Masters,farming-fishing,base-jumping,not-in-family,0,-39300,2015-02-03,Vehicle Theft,,Trivial Damage,Police,SC,Riverwood,NO,NO,7680,1280,640,5760,Audi,A5,2008,N,Low,None,Minor,Afternoon,Single Vehicle,Multiple Witnesses,Basic
107,31,1994-11-25,IL,1018.73,MALE,Associate,handlers-cleaners,yachting,own-child,20000,-82700,2015-01-27,Multi-vehicle Collision,Side Collision,Total Loss,Police,NY,Riverwood,YES,,93730,14420,21630,57680,Honda,CRV,2001,N,High,Unknown,Minor,Evening,Multi-Vehicle,Multiple Witnesses,Basic
48,44,1997-02-03,IL,1400.74,MALE,College,sales,base-jumping,other-relative,34000,-55600,2015-01-21,Multi-vehicle Collision,Rear Collision,Major Damage,Police,NC,Arlington,YES,,87300,17460,17460,52380,Jeep,Wrangler,2013,N,High,None,None,Evening,Multi-Vehicle,Multiple Witnesses,Basic
267,40,2009-10-09,IL,1155.53,MALE,JD,transport-moving,camping,wife,0,-35200,2015-01-24,Parked Car,,Trivial Damage,Police,NY,Columbus,,NO,5670,1260,630,3780,Ford,F150,1997,N,Low,Unknown,None,Early Morning,Single Vehicle,Multiple Witnesses,Standard
286,47,2002-11-20,IN,1386.93,MALE,High School,priv-house-serv,bungie-jumping,husband,54100,-77600,2015-01-17,Multi-vehicle Collision,Rear Collision,Minor Damage,Other,NY,Springfield,YES,NO,65800,13160,6580,46060,Accura,TL,2001,N,Low,None,None,Afternoon,Multi-Vehicle,No Witness,Standard
175,34,1995-05-29,OH,915.29,FEMALE,JD,handlers-cleaners,base-jumping,wife,82400,-57100,2015-02-23,Single Vehicle Collision,Front Collision,Major Damage,Other,NY,Arlington,,YES,36720,4080,4080,28560,Honda,Accord,2009,Y,Low,None,Major,Afternoon,Single Vehicle,Single Witness,Basic
111,29,2011-01-22,IL,1239.55,FEMALE,PhD,farming-fishing,kayaking,own-child,0,0,2015-01-09,Single Vehicle Collision,Side Collision,Major Damage,Fire,SC,Riverwood,,YES,52800,4800,9600,38400,Mercedes,ML350,1996,Y,Low,Extended,Minor,Early Morning,Single Vehicle,Single Witness,Standard
151,37,2012-10-18,IN,1366.42,FEMALE,Associate,protective-serv,cross-fit,unmarried,44000,0,2015-02-15,Multi-vehicle Collision,Rear Collision,Total Loss,Fire,SC,Arlington,NO,YES,59100,5910,5910,47280,Nissan,Maxima,1998,Y,Low,None,Minor,Afternoon,Multi-Vehicle,Multiple Witnesses,Standard
156,37,1991-10-13,OH,1086.48,MALE,Associate,machine-op-inspct,hiking,unmarried,0,-53800,2015-01-16,Multi-vehicle Collision,Rear Collision,Total Loss,Other,NY,Northbrook,,YES,77440,14080,7040,56320,Suburu,Legacy,1999,N,Medium,Unknown,Minor,Afternoon,Multi-Vehicle,Single Witness,Premium
165,36,2010-10-01,IL,1247.87,MALE,Masters,armed-forces,golf,husband,0,-39700,2015-01-14,Multi-vehicle Collision,Side Collision,Total Loss,Fire,NY,Northbend,NO,NO,45700,4570,4570,36560,BMW,3 Series,2008,N,High,None,Major,Evening,Multi-Vehicle,Multiple Witnesses,Standard
253,41,2013-04-10,OH,1312.75,FEMALE,PhD,sales,dancing,other-relative,81300,0,2015-01-01,Multi-vehicle Collision,Rear Collision,Major Damage,Other,SC,Springfield,NO,YES,80740,7340,14680,58720,Toyota,Camry,2014,Y,High,None,Major,Morning,Multi-Vehicle,Multiple Witnesses,Basic
10,26,2008-06-11,IN,765.64,MALE,MD,sales,base-jumping,not-in-family,0,-22200,2015-02-16,Multi-vehicle Collision,Front Collision,Major Damage,Ambulance,SC,Northbrook,,,31350,2850,5700,22800,Honda,Accord,2001,Y,High,None,None,Early Morning,Multi-Vehicle,Multiple Witnesses,Basic
158,33,2013-12-04,OH,1327.41,FEMALE,Associate,handlers-cleaners,skydiving,other-relative,0,-38600,2015-01-04,Single Vehicle Collision,Side Collision,Total Loss,Other,SC,Hillsdale,,,35000,3500,7000,24500,Suburu,Legacy,2012,N,High,None,None,Early Morning,Single Vehicle,No Witness,Basic
436,59,2010-08-21,OH,1338.55,MALE,PhD,protective-serv,board-games,own-child,39000,0,2015-01-12,Multi-vehicle Collision,Side Collision,Total Loss,Police,WV,Hillsdale,,NO,68000,13600,6800,47600,Toyota,Corolla,2014,N,Medium,None,Major,Morning,Multi-Vehicle,Multiple Witnesses,Premium
91,30,2010-06-18,IL,1316.63,FEMALE,Masters,machine-op-inspct,golf,unmarried,43900,0,2015-01-08,Multi-vehicle Collision,Side Collision,Minor Damage,Other,SC,Northbend,YES,,84500,13000,13000,58500,BMW,X6,2009,N,High,Unknown,Major,Afternoon,Multi-Vehicle,No Witness,Standard
256,42,1992-04-10,IL,1286.44,FEMALE,MD,transport-moving,bungie-jumping,wife,0,-39500,2015-01-22,Single Vehicle Collision,Rear Collision,Minor Damage,Police,WV,Northbend,NO,,75500,7550,15100,52850,Nissan,Ultima,1998,N,Medium,None,Major,Afternoon,Single Vehicle,Single Witness,Premium
274,46,1997-02-03,OH,1372.18,MALE,High School,exec-managerial,bungie-jumping,not-in-family,0,0,2015-01-13,Multi-vehicle Collision,Side Collision,Total Loss,Other,WV,Riverwood,NO,,90600,15100,15100,60400,BMW,X5,2009,N,Medium,None,Minor,Evening,Multi-Vehicle,Multiple Witnesses,Premium
275,45,1991-12-06,IN,1447.77,FEMALE,Associate,adm-clerical,camping,wife,39400,-63900,2015-01-18,Multi-vehicle Collision,Side Collision,Total Loss,Ambulance,VA,Northbend,YES,,64320,5360,10720,48240,Accura,MDX,1998,N,High,None,Minor,Morning,Multi-Vehicle,Single Witness,Premium
1,33,1995-09-19,IL,903.32,FEMALE,High School,transport-moving,yachting,not-in-family,0,0,2015-01-19,Multi-vehicle Collision,Rear Collision,Minor Damage,Police,NY,Northbend,,,31700,6340,3170,22190,Toyota,Highlander,2006,N,Low,None,Minor,Early Morning,Multi-Vehicle,No Witness,Standard
85,30,1993-10-29,IN,1454.42,MALE,Associate,protective-serv,reading,other-relative,51600,-73900,2015-01-31,Single Vehicle Collision,Side Collision,Major Damage,Other,NY,Springfield,YES,YES,74280,12380,12380,49520,Suburu,Forrestor,2006,Y,Medium,None,None,Evening,Single Vehicle,Single Witness,Premium
233,37,1991-11-03,IL,1603.42,FEMALE,High School,sales,video-games,wife,61600,-30200,2015-02-06,Single Vehicle Collision,Front Collision,Total Loss,Fire,NY,Columbus,YES,YES,80520,13420,6710,60390,Toyota,Corolla,2005,N,High,None,None,Afternoon,Single Vehicle,Multiple Witnesses,Basic
142,30,2002-07-09,IN,1616.58,MALE,JD,adm-clerical,polo,husband,58500,-46800,2015-02-04,Multi-vehicle Collision,Rear Collision,Major Damage,Other,SC,Hillsdale,YES,YES,63600,6360,12720,44520,Dodge,RAM,2010,N,High,None,None,Afternoon,Multi-Vehicle,Multiple Witnesses,Standard
266,44,1999-12-07,IL,1611.83,MALE,High School,handlers-cleaners,movies,husband,0,0,2015-01-02,Single Vehicle Collision,Front Collision,Total Loss,Police,WV,Riverwood,,YES,32800,3280,3280,26240,BMW,3 Series,2012,N,Low,None,Minor,Early Morning,Single Vehicle,Multiple Witnesses,Standard
350,50,2005-07-01,OH,889.13,FEMALE,Masters,priv-house-serv,board-games,other-relative,0,0,2015-02-26,Multi-vehicle Collision,Rear Collision,Total Loss,Police,PA,Northbend,NO,NO,44190,9820,4910,29460,Audi,A3,2015,N,Low,None,None,Afternoon,Multi-Vehicle,Multiple Witnesses,Premium
97,26,1991-11-04,IL,1252.08,MALE,College,exec-managerial,sleeping,not-in-family,0,0,2015-02-08,Multi-vehicle Collision,Rear Collision,Major Damage,Other,VA,Springfield,YES,NO,50400,10080,5040,35280,Honda,CRV,2000,Y,Medium,None,Major,Early Morning,Two Vehicles,Multiple Witnesses,Standard
399,55,1993-04-14,IL,995.56,MALE,JD,tech-support,sleeping,not-in-family,0,-65400,2015-02-07,Multi-vehicle Collision,Side Collision,Total Loss,Police,NY,Northbend,YES,YES,88400,17680,8840,61880,Nissan,Pathfinder,2010,N,High,None,Minor,Evening,Multi-Vehicle,Single Witness,Premium
305,49,2009-08-23,IL,1347.92,FEMALE,High School,farming-fishing,bungie-jumping,own-child,0,-42100,2015-02-17,Multi-vehicle Collision,Front Collision,Total Loss,Fire,NY,Hillsdale,YES,,66550,12100,6050,48400,Volkswagen,Jetta,2003,N,High,None,None,Evening,Multi-Vehicle,Multiple Witnesses,Basic
276,47,1993-06-18,IN,1724.09,MALE,PhD,craft-repair,yachting,own-child,0,0,2015-01-12,Multi-vehicle Collision,Rear Collision,Minor Damage,Police,NY,Arlington,YES,,65780,5980,11960,47840,Chevrolet,Tahoe,2014,N,Medium,None,None,Evening,Multi-Vehicle,No Witness,Basic
257,40,2012-07-17,IN,1379.93,MALE,MD,armed-forces,base-jumping,husband,0,0,2015-02-01,Multi-vehicle Collision,Side Collision,Major Damage,Other,NY,Columbus,,YES,51810,9420,4710,37680,Audi,A3,2002,Y,Low,None,None,Morning,Multi-Vehicle,Multiple Witnesses,Standard
78,31,1999-01-25,IN,1554.64,MALE,PhD,protective-serv,board-games,own-child,0,-27900,2015-02-03,Single Vehicle Collision,Front Collision,Major Damage,Other,WV,Springfield,NO,NO,55660,5060,10120,40480,Honda,CRV,2009,Y,Medium,Unknown,Minor,Evening,Single Vehicle,No Witness,Standard
129,28,1990-02-23,OH,1377.94,MALE,Masters,machine-op-inspct,base-jumping,not-in-family,0,0,2015-02-21,Single Vehicle Collision,Side Collision,Major Damage,Fire,NY,Springfield,,,44640,9920,4960,29760,Toyota,Camry,2005,N,Medium,None,Major,Evening,Single Vehicle,Multiple Witnesses,Premium
283,46,2000-08-30,IL,1313.33,FEMALE,PhD,transport-moving,reading,husband,53500,-73600,2015-01-09,Multi-vehicle Collision,Front Collision,Major Damage,Ambulance,NY,Riverwood,,NO,77660,7060,14120,56480,Nissan,Maxima,2004,Y,High,None,Minor,Early Morning,Multi-Vehicle,Multiple Witnesses,Premium
85,25,2008-09-03,IN,1259.02,FEMALE,JD,tech-support,base-jumping,unmarried,67000,-53600,2015-02-16,Parked Car,,Trivial Damage,,SC,Northbend,NO,,5640,940,940,3760,Nissan,Ultima,2005,N,Low,None,Major,Morning,Single Vehicle,Multiple Witnesses,Standard
101,26,1991-08-02,IL,1371.88,FEMALE,MD,prof-specialty,reading,husband,0,0,2015-02-04,Parked Car,,Trivial Damage,,VA,Arlington,,,3190,580,580,2030,Suburu,Legacy,1995,N,Medium,None,Major,Early Morning,Single Vehicle,Multiple Witnesses,Premium
96,30,2001-09-25,OH,1399.27,MALE,College,prof-specialty,hiking,wife,38900,-48700,2015-02-24,Single Vehicle Collision,Side Collision,Total Loss,Fire,NC,Arlington,,YES,53440,0,6680,46760,Ford,Escape,2004,N,Low,Unknown,None,Evening,Single Vehicle,No Witness,Basic
121,31,2007-03-11,IL,1061.98,FEMALE,JD,armed-forces,camping,unmarried,0,0,2015-02-01,Single Vehicle Collision,Rear Collision,Minor Damage,Police,WV,Hillsdale,NO,YES,65250,7250,7250,50750,BMW,3 Series,2002,N,Medium,Unknown,None,Afternoon,Single Vehicle,Single Witness,Premium
176,39,2010-11-20,OH,1365.46,MALE,College,armed-forces,sleeping,unmarried,0,-56600,2015-02-05,Multi-vehicle Collision,Side Collision,Minor Damage,Fire,SC,Columbus,NO,NO,44280,4920,4920,34440,Chevrolet,Silverado,2008,N,Low,Unknown,Major,Afternoon,Multi-Vehicle,Single Witness,Standard
159,37,1998-08-28,IL,894.4,MALE,Associate,tech-support,camping,wife,0,-53700,2015-01-07,Single Vehicle Collision,Rear Collision,Total Loss,Police,NY,Springfield,YES,NO,70290,7810,7810,54670,Dodge,RAM,1999,N,Medium,None,Major,Afternoon,Single Vehicle,No Witness,Premium
120,30,2002-07-16,IN,956.69,FEMALE,Associate,priv-house-serv,movies,husband,39600,-64300,2015-02-06,Single Vehicle Collision,Front Collision,Minor Damage,Other,NY,Hillsdale,,YES,87100,8710,8710,69680,Saab,92x,2000,N,Low,None,Minor,Evening,Single Vehicle,Single Witness,Standard
212,35,1990-04-29,IN,1123.89,MALE,MD,priv-house-serv,video-games,unmarried,35400,-49200,2015-01-21,Multi-vehicle Collision,Front Collision,Total Loss,Fire,NY,Columbus,,,50380,4580,4580,41220,Suburu,Forrestor,1996,N,High,None,Minor,Early Morning,Multi-Vehicle,Multiple Witnesses,Premium
290,45,1998-02-01,IL,1085.03,FEMALE,JD,sales,cross-fit,wife,0,-61000,2015-03-01,Multi-vehicle Collision,Side Collision,Total Loss,Police,VA,Arlington,YES,NO,64800,12960,6480,45360,Audi,A3,2014,Y,Low,None,Major,Evening,Multi-Vehicle,Multiple Witnesses,Basic
299,42,2008-07-20,OH,1437.33,FEMALE,Associate,craft-repair,movies,wife,25000,0,2015-02-24,Single Vehicle Collision,Rear Collision,Minor Damage,Other,SC,Columbus,YES,NO,70400,12800,12800,44800,BMW,3 Series,2000,N,High,None,Minor,Afternoon,Single Vehicle,Multiple Witnesses,Basic
66,26,1998-11-13,IL,988.29,MALE,College,armed-forces,skydiving,own-child,0,0,2015-02-02,Single Vehicle Collision,Rear Collision,Major Damage,Police,NY,Northbend,,YES,57860,0,10520,47340,Suburu,Impreza,2008,Y,Medium,None,Major,Morning,Single Vehicle,Multiple Witnesses,Standard
334,47,2001-05-24,IL,1238.89,MALE,Masters,protective-serv,sleeping,other-relative,0,0,2015-01-31,Vehicle Theft,,Minor Damage,,WV,Northbend,,NO,6240,960,960,4320,Ford,Fusion,2011,N,Low,None,None,Early Morning,Single Vehicle,Multiple Witnesses,Premium
216,38,2014-06-03,IN,1384.64,FEMALE,Associate,tech-support,board-games,unmarried,0,0,2015-01-09,Single Vehicle Collision,Rear Collision,Total Loss,Police,VA,Columbus,,NO,66600,16650,11100,38850,Jeep,Grand Cherokee,2012,Y,Medium,Unknown,Major,Afternoon,Single Vehicle,Multiple Witnesses,Basic
86,28,1991-08-22,IN,1595.07,MALE,PhD,transport-moving,hiking,unmarried,75800,0,2015-02-23,Single Vehicle Collision,Side Collision,Minor Damage,Police,VA,Hillsdale,YES,YES,70920,11820,11820,47280,Jeep,Wrangler,2002,N,High,None,None,Evening,Single Vehicle,Multiple Witnesses,Basic
429,56,1998-12-12,OH,1127.89,MALE,Associate,machine-op-inspct,skydiving,own-child,67400,-43800,2015-01-28,Single Vehicle Collision,Rear Collision,Minor Damage,Ambulance,WV,Springfield,YES,YES,39480,6580,6580,26320,Suburu,Forrestor,2002,N,Medium,Unknown,Major,Early Morning,Single Vehicle,No Witness,Standard
257,43,1999-02-18,IN,929.7,FEMALE,PhD,handlers-cleaners,base-jumping,husband,46400,-74300,2015-01-14,Single Vehicle Collision,Front Collision,Total Loss,Other,VA,Arlington,,YES,63240,10540,5270,47430,Mercedes,E400,2005,N,High,Unknown,Major,Afternoon,Single Vehicle,Multiple Witnesses,Premium
15,34,1997-10-30,IL,1829.63,MALE,JD,tech-support,cross-fit,not-in-family,56700,0,2015-02-03,Multi-vehicle Collision,Side Collision,Total Loss,Other,SC,Arlington,YES,,67650,12300,6150,49200,Audi,A5,2009,N,Medium,None,Minor,Evening,Multi-Vehicle,No Witness,Basic
230,39,1999-11-29,IL,904.7,FEMALE,MD,craft-repair,bungie-jumping,unmarried,68600,-22300,2015-02-17,Single Vehicle Collision,Front Collision,Major Damage,Fire,SC,Riverwood,,NO,74200,14840,14840,44520,Accura,TL,2002,Y,Medium,Unknown,Minor,Early Morning,Single Vehicle,Multiple Witnesses,Basic
250,43,2013-07-07,OH,1243.84,FEMALE,JD,tech-support,polo,own-child,47900,-73400,2015-01-30,Single Vehicle Collision,Side Collision,Minor Damage,Other,VA,Columbus,YES,NO,64900,12980,12980,38940,Volkswagen,Jetta,2011,N,Medium,None,Minor,Evening,Single Vehicle,Multiple Witnesses,Premium
270,44,2003-07-05,IL,1030.95,FEMALE,Associate,machine-op-inspct,paintball,other-relative,47200,0,2015-02-03,Multi-vehicle Collision,Rear Collision,Major Damage,Ambulance,NC,Northbend,,NO,35900,7180,3590,25130,Audi,A3,2007,Y,High,None,Minor,Evening,Multi-Vehicle,No Witness,Premium
65,26,2005-09-21,IN,1285.03,FEMALE,High School,craft-repair,camping,unmarried,0,-41500,2015-02-03,Single Vehicle Collision,Rear Collision,Minor Damage,Fire,VA,Riverwood,NO,,52200,5220,10440,36540,Honda,CRV,2011,N,Low,Premium,Minor,Early Morning,Single Vehicle,Multiple Witnesses,Basic
475,57,1995-02-18,OH,1216.56,MALE,Masters,adm-clerical,skydiving,own-child,67400,-83200,2015-01-31,Single Vehicle Collision,Front Collision,Minor Damage,Police,SC,Hillsdale,,NO,78000,6500,13000,58500,Suburu,Forrestor,2000,N,Low,None,None,Evening,Single Vehicle,Multiple Witnesses,Basic
77,27,1999-04-07,IN,966.26,FEMALE,High School,adm-clerical,base-jumping,own-child,56400,-32800,2015-02-06,Multi-vehicle Collision,Front Collision,Minor Damage,Ambulance,NY,Springfield,YES,,67200,6720,6720,53760,Volkswagen,Passat,1995,N,High,None,None,Early Morning,Multi-Vehicle,No Witness,Premium
256,43,2014-12-13,OH,1203.17,FEMALE,MD,prof-specialty,golf,unmarried,56700,-65600,2015-02-06,Single Vehicle Collision,Rear Collision,Total Loss,Fire,WV,Hillsdale,NO,,63250,11500,5750,46000,Nissan,Ultima,1997,N,Low,None,None,Morning,Single Vehicle,No Witness,Basic
229,37,1997-06-01,IL,1212.12,FEMALE,MD,craft-repair,paintball,not-in-family,65600,0,2015-01-29,Multi-vehicle Collision,Side Collision,Major Damage,Other,WV,Columbus,YES,YES,68760,11460,5730,51570,Ford,Fusion,1995,N,High,None,Minor,Afternoon,Multi-Vehicle,Single Witness,Standard
110,28,2013-07-13,OH,1573.93,MALE,College,other-service,movies,other-relative,30400,0,2015-01-07,Multi-vehicle Collision,Side Collision,Minor Damage,Police,NY,Springfield,YES,,65040,10840,10840,43360,Suburu,Impreza,2010,N,Medium,None,None,Evening,Multi-Vehicle,Multiple Witnesses,Standard
177,33,2002-12-30,IL,1609.67,MALE,College,adm-clerical,yachting,wife,0,-13200,2015-01-20,Single Vehicle Collision,Side Collision,Major Damage,Ambulance,SC,Springfield,,,82800,20700,13800,48300,Jeep,Grand Cherokee,2004,Y,Medium,None,Minor,Evening,Single Vehicle,Multiple Witnesses,Basic
292,44,1997-02-28,OH,1097.57,MALE,PhD,priv-house-serv,basketball,unmarried,0,0,2015-02-28,Single Vehicle Collision,Side Collision,Total Loss,Other,SC,Columbus,NO,YES,61700,6170,6170,49360,Saab,93,2005,N,Low,None,Minor,Afternoon,Single Vehicle,No Witness,Premium
451,61,1998-06-18,IN,1618.65,FEMALE,Associate,transport-moving,polo,unmarried,0,-42600,2015-02-04,Multi-vehicle Collision,Rear Collision,Major Damage,Ambulance,OH,Columbus,YES,YES,78100,15620,7810,54670,Chevrolet,Tahoe,1997,Y,High,Extended,Major,Early Morning,Multi-Vehicle,Single Witness,Standard
61,24,1996-02-08,IN,922.67,FEMALE,College,priv-house-serv,paintball,other-relative,47400,0,2015-01-12,Multi-vehicle Collision,Rear Collision,Major Damage,Ambulance,SC,Northbend,YES,,65520,9360,9360,46800,Toyota,Highlander,2011,Y,Low,None,Major,Afternoon,Multi-Vehicle,Single Witness,Basic
150,30,2004-11-17,IN,1342.02,MALE,MD,prof-specialty,polo,own-child,0,0,2015-02-28,Parked Car,,Trivial Damage,,VA,Arlington,YES,NO,4500,450,450,3600,Saab,93,1999,N,Medium,None,None,Morning,Single Vehicle,Multiple Witnesses,Basic
283,41,2012-10-25,OH,1195.01,FEMALE,Associate,sales,reading,own-child,60700,-54300,2015-01-08,Multi-vehicle Collision,Side Collision,Major Damage,Other,WV,Northbend,NO,,42700,0,6100,36600,Mercedes,ML350,2011,Y,Low,None,None,Afternoon,Multi-Vehicle,Multiple Witnesses,Basic
291,46,2006-04-13,OH,994.74,FEMALE,High School,adm-clerical,polo,own-child,0,-55300,2015-01-25,Parked Car,,Minor Damage,Police,SC,Hillsdale,NO,YES,5580,620,620,4340,Volkswagen,Passat,2005,Y,Medium,None,Major,Morning,Single Vehicle,Multiple Witnesses,Premium
162,31,2006-02-21,IN,1050.24,FEMALE,Masters,adm-clerical,chess,wife,30700,0,2015-02-26,Parked Car,,Minor Damage,,NC,Arlington,,NO,3600,360,720,2520,BMW,X5,2013,Y,Medium,None,None,Morning,Single Vehicle,No Witness,Basic
154,36,2003-12-17,IL,1313.51,FEMALE,Masters,exec-managerial,dancing,own-child,68500,0,2015-02-03,Vehicle Theft,,Trivial Damage,,SC,Northbrook,,,2800,280,280,2240,Volkswagen,Passat,2015,N,High,Unknown,Major,Morning,Single Vehicle,No Witness,Standard
289,47,1999-07-31,OH,1102.29,FEMALE,Associate,adm-clerical,hiking,own-child,73000,-37900,2015-01-31,Single Vehicle Collision,Front Collision,Minor Damage,Ambulance,VA,Northbend,NO,YES,54000,6000,6000,42000,Toyota,Highlander,1996,N,High,None,Minor,Afternoon,Single Vehicle,No Witness,Premium
10,19,2014-08-05,IN,1185.78,FEMALE,JD,craft-repair,yachting,wife,0,-60700,2015-02-01,Single Vehicle Collision,Side Collision,Minor Damage,Police,NC,Northbend,,,48950,4450,8900,35600,Accura,TL,2011,Y,Medium,None,None,Early Morning,Single Vehicle,Multiple Witnesses,Standard
309,47,2011-06-05,IL,1527.95,MALE,PhD,exec-managerial,hiking,other-relative,69400,0,2015-02-21,Multi-vehicle Collision,Rear Collision,Major Damage,Other,WV,Northbend,YES,,77800,15560,15560,46680,Dodge,RAM,2002,N,Low,None,None,Afternoon,Multi-Vehicle,Single Witness,Premium
396,57,1992-10-11,IN,1366.39,MALE,High School,protective-serv,exercise,other-relative,0,-22400,2015-01-30,Multi-vehicle Collision,Front Collision,Major Damage,Other,NC,Columbus,YES,NO,52560,11680,5840,35040,Saab,93,1995,N,Medium,None,Major,Evening,Multi-Vehicle,Single Witness,Basic
273,41,2010-02-17,OH,1403.9,FEMALE,PhD,farming-fishing,dancing,own-child,0,0,2015-01-31,Multi-vehicle Collision,Side Collision,Total Loss,Police,VA,Riverwood,,YES,44110,4010,8020,32080,Honda,Accord,2015,N,Medium,None,Minor,Afternoon,Two Vehicles,Multiple Witnesses,Premium
129,30,2007-05-06,IL,927.23,FEMALE,PhD,sales,video-games,husband,51500,0,2015-01-13,Single Vehicle Collision,Front Collision,Total Loss,Other,SC,Hillsdale,NO,,74360,13520,6760,54080,Suburu,Forrestor,2009,N,High,None,Minor,Morning,Single Vehicle,Multiple Witnesses,Premium
140,31,1997-05-01,OH,1554.86,FEMALE,JD,armed-forces,base-jumping,wife,59000,0,2015-02-16,Parked Car,,Minor Damage,,WV,Arlington,YES,,6120,680,680,4760,Honda,Civic,2002,Y,High,Unknown,Minor,Early Morning,Single Vehicle,Multiple Witnesses,Standard
419,53,1998-01-28,IL,736.07,MALE,College,transport-moving,chess,unmarried,45700,0,2015-02-04,Multi-vehicle Collision,Side Collision,Minor Damage,Police,SC,Northbend,,YES,62280,5190,10380,46710,Suburu,Forrestor,2012,N,High,Unknown,None,Afternoon,Multi-Vehicle,No Witness,Premium
315,44,1993-05-05,IL,974.16,FEMALE,Masters,sales,reading,other-relative,0,-56800,2015-02-07,Multi-vehicle Collision,Front Collision,Total Loss,Other,NY,Springfield,,YES,26730,4860,4860,17010,Volkswagen,Jetta,2006,N,Medium,Unknown,Minor,Afternoon,Multi-Vehicle,No Witness,Standard
72,29,1994-08-06,OH,973.8,FEMALE,Associate,craft-repair,exercise,own-child,0,-85900,2015-01-16,Single Vehicle Collision,Rear Collision,Major Damage,Ambulance,WV,Arlington,,NO,66200,6620,6620,52960,Dodge,Neon,2013,N,Low,None,Minor,Morning,Single Vehicle,No Witness,Premium
32,26,2014-11-14,OH,1260.32,MALE,JD,other-service,polo,not-in-family,0,-79800,2015-02-28,Single Vehicle Collision,Side Collision,Total Loss,Fire,VA,Northbrook,,,45500,9100,4550,31850,Toyota,Corolla,2009,N,High,Unknown,Minor,Afternoon,Single Vehicle,Multiple Witnesses,Basic
230,41,1991-12-14,IN,1464.03,MALE,JD,transport-moving,sleeping,own-child,0,0,2015-02-08,Multi-vehicle Collision,Side Collision,Minor Damage,Ambulance,NY,Springfield,,,53040,4420,4420,44200,Audi,A3,2006,N,Medium,None,Major,Evening,Multi-Vehicle,No Witness,Basic
157,32,2009-10-21,OH,617.11,MALE,College,other-service,reading,other-relative,0,-54100,2015-01-02,Multi-vehicle Collision,Front Collision,Major Damage,Other,VA,Columbus,,NO,50800,10160,5080,35560,Mercedes,E400,2013,Y,High,None,Minor,Afternoon,Multi-Vehicle,Multiple Witnesses,Basic
265,41,1997-09-29,IN,1724.46,FEMALE,Associate,craft-repair,sleeping,own-child,81800,0,2015-01-13,Multi-vehicle Collision,Side Collision,Total Loss,Police,SC,Northbend,,,44200,4420,4420,35360,Audi,A5,2014,N,High,Unknown,Minor,Evening,Multi-Vehicle,Multiple Witnesses,Standard
47,34,2003-12-31,IL,1161.31,FEMALE,PhD,exec-managerial,base-jumping,other-relative,64800,-24300,2015-01-07,Single Vehicle Collision,Front Collision,Minor Damage,Police,SC,Springfield,YES,,62920,11440,5720,45760,Chevrolet,Malibu,2012,N,Low,None,Minor,Evening,Single Vehicle,Multiple Witnesses,Premium
113,29,2008-01-01,OH,1091.73,MALE,PhD,exec-managerial,golf,not-in-family,36100,-42300,2015-01-05,Multi-vehicle Collision,Rear Collision,Minor Damage,Other,NY,Springfield,,YES,49950,5550,5550,38850,Nissan,Ultima,2004,Y,High,None,None,Afternoon,Multi-Vehicle,Multiple Witnesses,Standard
289,46,2004-05-31,IL,1209.07,MALE,JD,armed-forces,chess,unmarried,0,0,2015-02-28,Single Vehicle Collision,Rear Collision,Minor Damage,Ambulance,NC,Arlington,YES,YES,56430,6270,6270,43890,BMW,3 Series,1995,Y,High,None,None,Evening,Single Vehicle,Single Witness,Standard
254,41,2013-12-18,IL,1241.04,FEMALE,Masters,protective-serv,board-games,own-child,0,0,2015-01-04,Single Vehicle Collision,Front Collision,Minor Damage,Police,NY,Riverwood,NO,YES,100210,18220,18220,63770,Audi,A5,2014,N,High,None,Major,Afternoon,Single Vehicle,Multiple Witnesses,Standard
115,30,2000-08-24,OH,1757.21,MALE,High School,prof-specialty,base-jumping,wife,46400,0,2015-02-02,Multi-vehicle Collision,Front Collision,Minor Damage,Fire,NY,Northbend,NO,YES,49140,5460,5460,38220,Ford,F150,2007,N,Low,None,Minor,Afternoon,Multi-Vehicle,No Witness,Premium
236,38,1992-10-14,OH,802.24,FEMALE,College,other-service,paintball,not-in-family,0,-62500,2015-02-23,Single Vehicle Collision,Side Collision,Major Damage,Ambulance,WV,Northbrook,NO,,66840,16710,5570,44560,Mercedes,E400,2014,N,Medium,None,None,Afternoon,Single Vehicle,Single Witness,Standard
7,21,1991-11-16,IN,1342.72,MALE,Associate,machine-op-inspct,camping,wife,0,-45300,2015-02-10,Single Vehicle Collision,Front Collision,Total Loss,Other,NY,Hillsdale,,,62460,6940,6940,48580,Honda,Accord,2003,N,Medium,None,Minor,Evening,Single Vehicle,Multiple Witnesses,Premium
208,36,1995-10-08,OH,1209.41,MALE,JD,machine-op-inspct,base-jumping,wife,0,0,2015-02-16,Multi-vehicle Collision,Side Collision,Total Loss,Other,NY,Columbus,YES,,62810,11420,11420,39970,Nissan,Ultima,1999,N,High,Unknown,None,Afternoon,Multi-Vehicle,Single Witness,Basic
126,33,2007-10-28,OH,1141.71,FEMALE,JD,priv-house-serv,sleeping,own-child,36700,-73400,2015-01-04,Single Vehicle Collision,Front Collision,Major Damage,Ambulance,WV,Northbrook,YES,,54160,6770,6770,40620,Suburu,Legacy,2009,N,Medium,Extended,Minor,Evening,Single Vehicle,Multiple Witnesses,Premium
48,35,2008-05-16,IL,1090.03,FEMALE,JD,exec-managerial,golf,unmarried,0,-51000,2015-01-30,Single Vehicle Collision,Rear Collision,Major Damage,Ambulance,WV,Arlington,YES,NO,48400,9680,4840,33880,Saab,92x,2005,N,Low,None,None,Early Morning,Single Vehicle,Multiple Witnesses,Basic
297,48,2009-06-22,IN,1464.73,MALE,PhD,exec-managerial,golf,other-relative,54900,-36700,2015-01-25,Multi-vehicle Collision,Side Collision,Total Loss,Fire,NY,Arlington,,NO,51480,5720,5720,40040,Toyota,Highlander,2013,N,Medium,Premium,None,Afternoon,Multi-Vehicle,No Witness,Standard
160,36,2012-05-10,OH,1118.58,FEMALE,High School,prof-specialty,board-games,husband,0,-36600,2015-01-22,Multi-vehicle Collision,Rear Collision,Total Loss,Fire,NY,Columbus,NO,NO,51700,5170,10340,36190,Saab,95,2003,N,Medium,None,Major,Early Morning,Multi-Vehicle,Single Witness,Basic
406,58,2003-10-02,OH,1117.04,MALE,MD,exec-managerial,video-games,own-child,0,-42700,2015-01-01,Multi-vehicle Collision,Front Collision,Total Loss,Other,WV,Northbend,,,65520,10920,5460,49140,Volkswagen,Jetta,2009,N,High,None,Minor,Afternoon,Multi-Vehicle,Multiple Witnesses,Standard
157,31,1990-08-02,IN,1257.83,MALE,High School,farming-fishing,reading,own-child,40700,-41600,2015-02-14,Multi-vehicle Collision,Rear Collision,Major Damage,Other,OH,Arlington,NO,NO,47700,4770,9540,33390,Accura,TL,2011,Y,Low,Unknown,Major,Early Morning,Multi-Vehicle,Multiple Witnesses,Premium
146,31,1997-09-16,OH,1082.72,FEMALE,PhD,machine-op-inspct,video-games,not-in-family,61400,-57500,2015-01-15,Vehicle Theft,,Minor Damage,,SC,Northbend,YES,NO,5220,580,580,4060,Accura,MDX,2015,N,High,None,Major,Early Morning,Single Vehicle,No Witness,Standard
409,57,1995-07-29,IN,1191.8,MALE,High School,protective-serv,exercise,unmarried,55600,0,2015-01-06,Single Vehicle Collision,Side Collision,Major Damage,Other,NY,Riverwood,NO,,73320,6110,12220,54990,Ford,Fusion,2012,N,Medium,Unknown,Minor,Evening,Single Vehicle,No Witness,Basic
252,46,2005-09-06,IN,1242.02,MALE,Masters,adm-clerical,dancing,wife,0,-28800,2015-02-08,Single Vehicle Collision,Front Collision,Minor Damage,Fire,VA,Hillsdale,YES,YES,74900,14980,7490,52430,Jeep,Grand Cherokee,2003,N,Medium,None,None,Afternoon,Single Vehicle,Multiple Witnesses,Basic
6,27,1992-08-05,OH,1075.71,FEMALE,High School,prof-specialty,dancing,unmarried,0,-47400,2015-02-17,Vehicle Theft,,Trivial Damage,Police,WV,Columbus,,YES,3190,580,290,2320,Saab,95,2015,N,Low,None,None,Morning,Single Vehicle,Single Witness,Standard
103,33,1993-01-22,IN,969.88,MALE,MD,armed-forces,exercise,own-child,0,0,2015-01-21,Single Vehicle Collision,Rear Collision,Minor Damage,Ambulance,NY,Columbus,NO,YES,76920,12820,6410,57690,Chevrolet,Malibu,2002,N,Medium,Unknown,Minor,Evening,Single Vehicle,No Witness,Basic
369,53,1995-05-20,OH,1459.93,FEMALE,Masters,priv-house-serv,video-games,not-in-family,0,0,2015-02-09,Multi-vehicle Collision,Front Collision,Total Loss,Police,WV,Springfield,YES,NO,77990,7090,14180,56720,Jeep,Wrangler,2012,N,High,None,Minor,Morning,Two Vehicles,Multiple Witnesses,Standard
261,46,1992-09-24,IL,1245.61,MALE,MD,transport-moving,base-jumping,own-child,0,0,2015-02-12,Single Vehicle Collision,Front Collision,Total Loss,Fire,NY,Columbus,YES,,59670,9180,9180,41310,Ford,Escape,2008,N,Medium,None,Minor,Morning,Single Vehicle,No Witness,Premium
159,33,2007-07-20,IN,1462.76,FEMALE,College,craft-repair,skydiving,husband,69200,-36900,2015-02-24,Multi-vehicle Collision,Rear Collision,Major Damage,Ambulance,NY,Columbus,YES,NO,44880,8160,4080,32640,Mercedes,C300,2004,Y,High,None,Major,Evening,Multi-Vehicle,No Witness,Basic
344,51,1992-04-28,IN,1398.46,MALE,Associate,sales,skydiving,other-relative,0,0,2015-02-02,Single Vehicle Collision,Side Collision,Minor Damage,Ambulance,NC,Northbend,,NO,82830,7530,15060,60240,Audi,A5,2004,N,High,None,None,Afternoon,Single Vehicle,Multiple Witnesses,Basic
437,60,1998-01-19,OH,1269.64,FEMALE,College,armed-forces,cross-fit,unmarried,48800,0,2015-02-14,Single Vehicle Collision,Front Collision,Minor Damage,Other,SC,Riverwood,NO,NO,84480,7680,15360,61440,Chevrolet,Silverado,2012,Y,Medium,None,Minor,Morning,Single Vehicle,Multiple Witnesses,Premium
65,30,2009-09-08,IN,1455.65,FEMALE,College,transport-moving,skydiving,wife,0,-66300,2015-02-15,Multi-vehicle Collision,Side Collision,Total Loss,Fire,WV,Hillsdale,,NO,79800,15960,7980,55860,Honda,Civic,1999,N,Low,Unknown,Major,Morning,Multi-Vehicle,Multiple Witnesses,Basic
280,41,1994-12-18,OH,1140.31,MALE,MD,adm-clerical,exercise,husband,29300,-64700,2015-02-28,Multi-vehicle Collision,Rear Collision,Minor Damage,Police,WV,Arlington,,YES,53020,9640,9640,33740,Toyota,Corolla,1999,N,High,None,None,Morning,Multi-Vehicle,Multiple Witnesses,Premium
269,45,1996-08-23,IN,1330.46,FEMALE,High School,machine-op-inspct,sleeping,wife,54800,-64100,2015-01-18,Multi-vehicle Collision,Side Collision,Total Loss,Police,VA,Hillsdale,,NO,24200,2200,4400,17600,Suburu,Forrestor,2008,N,Low,None,None,Early Morning,Multi-Vehicle,No Witness,Premium
275,40,1991-11-20,OH,1190.6,MALE,Masters,exec-managerial,camping,unmarried,0,-45300,2015-01-06,Single Vehicle Collision,Rear Collision,Minor Damage,Fire,OH,Riverwood,,YES,43230,7860,7860,27510,Chevrolet,Silverado,2001,N,High,None,Minor,Afternoon,Single Vehicle,Multiple Witnesses,Standard
265,45,1998-10-28,OH,972.5,FEMALE,College,exec-managerial,cross-fit,unmarried,0,0,2015-01-19,Vehicle Theft,,Trivial Damage,,NC,Springfield,NO,NO,3190,290,580,2320,Ford,Escape,1995,N,Low,None,Major,Early Morning,Single Vehicle,Multiple Witnesses,Standard
283,43,1997-07-14,IN,1161.91,FEMALE,Associate,adm-clerical,polo,not-in-family,0,-50400,2015-01-17,Parked Car,,Minor Damage,,WV,Northbrook,,NO,5850,1300,650,3900,BMW,M5,2006,N,High,None,None,Morning,Single Vehicle,Multiple Witnesses,Basic
84,29,2003-04-09,OH,1117.17,FEMALE,High School,machine-op-inspct,video-games,not-in-family,0,-29900,2015-02-12,Parked Car,,Trivial Damage,Police,SC,Arlington,YES,YES,6820,620,1240,4960,BMW,3 Series,2005,N,Medium,None,Major,Morning,Single Vehicle,No Witness,Standard
247,44,1992-02-04,OH,1101.51,FEMALE,College,farming-fishing,camping,not-in-family,64000,0,2015-02-11,Multi-vehicle Collision,Front Collision,Minor Damage,Fire,NY,Riverwood,NO,NO,69480,11580,11580,46320,Chevrolet,Tahoe,2008,N,High,None,Major,Evening,Multi-Vehicle,Multiple Witnesses,Standard
56,29,2006-06-29,IL,1523.17,MALE,Masters,prof-specialty,movies,own-child,0,0,2015-02-21,Multi-vehicle Collision,Front Collision,Major Damage,Fire,PA,Northbend,,YES,94560,7880,15760,70920,Jeep,Grand Cherokee,1995,N,Medium,None,Minor,Morning,Multi-Vehicle,Multiple Witnesses,Basic
210,39,1997-06-21,OH,984.45,MALE,Associate,armed-forces,paintball,unmarried,0,0,2015-01-02,Vehicle Theft,,Minor Damage,,NC,Riverwood,YES,,7800,780,780,6240,Dodge,RAM,1997,N,Medium,None,Minor,Early Morning,Single Vehicle,Multiple Witnesses,Premium
108,32,2006-09-07,OH,1257.0,FEMALE,High School,machine-op-inspct,basketball,unmarried,63900,-43700,2015-01-11,Single Vehicle Collision,Front Collision,Total Loss,Other,WV,Northbrook,NO,NO,61270,5570,11140,44560,Suburu,Legacy,1999,N,High,Unknown,Minor,Evening,Single Vehicle,Multiple Witnesses,Premium
328,49,2001-10-01,OH,1434.51,FEMALE,Masters,transport-moving,bungie-jumping,wife,0,0,2015-02-23,Single Vehicle Collision,Rear Collision,Total Loss,Police,NY,Riverwood,,YES,71440,8930,8930,53580,Mercedes,ML350,2005,N,Low,None,None,Evening,Single Vehicle,Multiple Witnesses,Premium
186,37,2009-02-20,OH,1628.0,FEMALE,JD,priv-house-serv,exercise,unmarried,0,0,2015-01-28,Single Vehicle Collision,Rear Collision,Total Loss,Ambulance,NY,Hillsdale,YES,YES,55600,11120,5560,38920,Jeep,Grand Cherokee,2009,N,High,None,Minor,Evening,Single Vehicle,Multiple Witnesses,Standard
277,44,2001-06-26,IN,1412.31,MALE,High School,priv-house-serv,board-games,unmarried,0,0,2015-02-01,Vehicle Theft,,Trivial Damage,Police,NC,Riverwood,NO,NO,5000,1000,500,3500,Jeep,Wrangler,2005,N,Low,None,Minor,Morning,Single Vehicle,Multiple Witnesses,Premium
138,33,1997-01-18,IL,1362.87,FEMALE,JD,exec-managerial,paintball,own-child,56900,-56900,2015-02-24,Single Vehicle Collision,Side Collision,Minor Damage,Other,NY,Springfield,NO,,95810,14740,14740,66330,BMW,X5,2007,N,Low,Unknown,Major,Morning,Single Vehicle,No Witness,Standard
208,41,2014-06-24,IN,1134.68,FEMALE,College,tech-support,chess,husband,0,0,2015-01-20,Single Vehicle Collision,Rear Collision,Major Damage,Ambulance,SC,Northbend,NO,,69300,6930,13860,48510,Volkswagen,Jetta,1996,N,Medium,None,Major,Evening,Single Vehicle,Multiple Witnesses,Basic
147,37,1992-10-02,IN,1306.78,MALE,MD,prof-specialty,video-games,other-relative,0,0,2015-01-14,Single Vehicle Collision,Front Collision,Total Loss,Ambulance,SC,Northbend,,NO,81120,13520,20280,47320,Toyota,Camry,1995,N,Medium,None,Minor,Evening,Single Vehicle,No Witness,Standard
8,21,2012-10-09,IN,1021.9,MALE,High School,handlers-cleaners,hiking,husband,0,0,2015-02-05,Single Vehicle Collision,Front Collision,Major Damage,Other,WV,Columbus,,,91260,14040,14040,63180,Toyota,Corolla,2012,N,Low,None,None,Evening,Single Vehicle,No Witness,Premium
297,48,1993-02-10,IN,1538.6,FEMALE,MD,other-service,kayaking,wife,0,-54700,2015-01-11,Single Vehicle Collision,Side Collision,Minor Damage,Fire,SC,Northbend,,,60600,6060,12120,42420,Ford,Fusion,2004,N,Medium,None,None,Afternoon,Single Vehicle,No Witness,Basic
150,31,1994-09-28,IN,1354.5,MALE,Masters,machine-op-inspct,base-jumping,husband,52800,0,2015-01-02,Multi-vehicle Collision,Front Collision,Major Damage,Ambulance,NY,Arlington,,YES,64800,6480,12960,45360,Suburu,Forrestor,2000,Y,Medium,None,None,Morning,Multi-Vehicle,Multiple Witnesses,Premium
4,34,2003-05-24,OH,1282.93,FEMALE,College,exec-managerial,basketball,other-relative,0,0,2015-02-12,Multi-vehicle Collision,Side Collision,Major Damage,Police,WV,Northbrook,,,66880,6080,12160,48640,Chevrolet,Silverado,1996,Y,Low,None,None,Early Morning,Multi-Vehicle,No Witness,Premium
210,35,1991-12-25,IL,1346.27,MALE,Masters,farming-fishing,cross-fit,not-in-family,44900,-91400,2015-01-03,Single Vehicle Collision,Front Collision,Total Loss,Ambulance,WV,Arlington,NO,,58200,5820,5820,46560,BMW,X5,2013,N,Medium,None,None,Morning,Single Vehicle,Multiple Witnesses,Premium
91,31,1999-09-18,IN,1338.4,FEMALE,High School,priv-house-serv,polo,own-child,63600,0,2015-02-25,Single Vehicle Collision,Side Collision,Minor Damage,Police,NC,Hillsdale,,NO,60570,6730,6730,47110,Nissan,Maxima,2011,N,Medium,Unknown,Minor,Evening,Single Vehicle,No Witness,Basic
167,36,1994-02-03,IL,949.44,FEMALE,Masters,exec-managerial,camping,other-relative,0,-38400,2015-01-19,Multi-vehicle Collision,Rear Collision,Major Damage,Ambulance,NC,Springfield,,NO,69680,8710,8710,52260,Mercedes,ML350,2008,Y,Medium,None,None,Evening,Multi-Vehicle,No Witness,Basic
467,58,2003-01-18,IN,977.4,MALE,Masters,transport-moving,bungie-jumping,own-child,82200,0,2015-01-03,Single Vehicle Collision,Front Collision,Total Loss,Fire,NY,Columbus,YES,NO,55700,5570,11140,38990,Nissan,Maxima,2014,N,High,None,Major,Early Morning,Single Vehicle,Multiple Witnesses,Premium
264,47,2005-03-07,IN,1181.46,FEMALE,JD,transport-moving,sleeping,other-relative,0,-67400,2015-02-12,Multi-vehicle Collision,Front Collision,Total Loss,Ambulance,OH,Arlington,YES,YES,62370,5670,5670,51030,Dodge,Neon,2001,N,High,Unknown,Minor,Afternoon,Multi-Vehicle,Multiple Witnesses,Standard
270,45,2003-08-23,OH,1187.53,FEMALE,PhD,priv-house-serv,yachting,not-in-family,83200,-53300,2015-02-24,Multi-vehicle Collision,Side Collision,Total Loss,Other,VA,Columbus,,YES,54340,9880,0,44460,Saab,92x,2005,N,Low,None,None,Evening,Multi-Vehicle,No Witness,Premium
310,48,2002-07-11,OH,845.16,FEMALE,Masters,priv-house-serv,base-jumping,other-relative,0,0,2015-02-25,Single Vehicle Collision,Front Collision,Major Damage,Police,NC,Northbend,YES,NO,55170,6130,6130,42910,Audi,A5,2005,Y,Medium,None,Minor,Evening,Single Vehicle,No Witness,Basic
143,34,2014-03-19,IL,1442.27,MALE,College,priv-house-serv,exercise,wife,67900,0,2015-02-17,Single Vehicle Collision,Front Collision,Minor Damage,Other,NY,Columbus,,YES,58500,11700,5850,40950,Dodge,RAM,1999,N,Low,None,Major,Morning,Single Vehicle,Multiple Witnesses,Basic
146,32,1993-12-06,OH,1276.43,MALE,Associate,priv-house-serv,skydiving,own-child,0,0,2015-02-09,Single Vehicle Collision,Rear Collision,Major Damage,Fire,NC,Riverwood,,,59940,6660,6660,46620,Honda,CRV,1995,N,High,None,None,Afternoon,Single Vehicle,Multiple Witnesses,Basic
102,28,1999-08-29,OH,1075.41,MALE,MD,machine-op-inspct,reading,wife,55200,0,2015-02-15,Single Vehicle Collision,Side Collision,Total Loss,Police,PA,Northbend,NO,NO,73400,7340,7340,58720,Dodge,Neon,1996,N,Low,None,Minor,Morning,Single Vehicle,No Witness,Standard
61,23,2007-03-09,IL,1111.72,MALE,JD,exec-managerial,bungie-jumping,other-relative,54600,0,2015-02-25,Single Vehicle Collision,Side Collision,Major Damage,Fire,PA,Riverwood,,,41850,4650,4650,32550,Suburu,Legacy,1997,N,Low,None,Minor,Morning,Single Vehicle,Multiple Witnesses,Basic
255,44,2004-01-03,OH,814.96,FEMALE,PhD,priv-house-serv,chess,not-in-family,68500,0,2015-02-05,Parked Car,,Trivial Damage,Police,NC,Hillsdale,,NO,6400,640,1280,4480,Mercedes,ML350,2005,Y,High,Unknown,Major,Morning,Single Vehicle,Multiple Witnesses,Premium
211,40,1991-04-25,IL,1575.86,FEMALE,PhD,other-service,sleeping,own-child,0,0,2015-01-12,Vehicle Theft,,Trivial Damage,Police,WV,Northbrook,NO,NO,3190,580,290,2320,Audi,A5,2004,N,Medium,None,Minor,Early Morning,Single Vehicle,Single Witness,Premium
61,29,1995-03-14,IN,1115.27,MALE,JD,handlers-cleaners,polo,unmarried,0,-66000,2015-01-01,Parked Car,,Trivial Damage,,VA,Hillsdale,YES,YES,5900,590,590,4720,Nissan,Pathfinder,2010,N,Medium,None,Major,Morning,Single Vehicle,Single Witness,Standard
108,31,2005-12-09,IN,1175.7,MALE,Masters,protective-serv,yachting,not-in-family,0,0,2015-02-19,Single Vehicle Collision,Rear Collision,Total Loss,Fire,NY,Columbus,NO,NO,57330,6370,6370,44590,Dodge,Neon,2006,N,High,None,None,Afternoon,Single Vehicle,Multiple Witnesses,Premium
303,50,2001-12-25,OH,793.15,MALE,MD,tech-support,board-games,own-child,54600,-45500,2015-01-14,Multi-vehicle Collision,Front Collision,Total Loss,Other,WV,Hillsdale,NO,NO,81960,13660,13660,54640,Dodge,Neon,2008,N,Low,None,None,Afternoon,Multi-Vehicle,Multiple Witnesses,Basic
152,33,1999-11-14,IN,942.51,FEMALE,PhD,transport-moving,exercise,wife,0,0,2015-01-30,Single Vehicle Collision,Side Collision,Major Damage,Fire,SC,Hillsdale,YES,,70400,6400,19200,44800,Suburu,Legacy,2001,Y,Low,None,None,Afternoon,Single Vehicle,No Witness,Standard
120,34,2001-10-27,IN,1056.71,FEMALE,JD,protective-serv,paintball,not-in-family,77900,0,2015-01-20,Parked Car,,Minor Damage,,VA,Columbus,NO,,3770,580,580,2610,Jeep,Grand Cherokee,2002,N,Medium,None,Major,Early Morning,Single Vehicle,Single Witness,Premium
144,36,1993-10-31,IN,1255.68,FEMALE,Associate,sales,reading,other-relative,23600,-15600,2015-02-18,Parked Car,,Minor Damage,,NC,Arlington,NO,,7400,740,1480,5180,Dodge,Neon,2014,N,High,Unknown,None,Morning,Single Vehicle,No Witness,Premium
414,52,2003-02-13,IN,1335.13,FEMALE,High School,farming-fishing,chess,unmarried,44000,-71000,2015-01-07,Single Vehicle Collision,Rear Collision,Total Loss,Police,SC,Northbend,YES,,54810,6090,6090,42630,Chevrolet,Silverado,1999,Y,Low,None,Minor,Afternoon,Single Vehicle,Single Witness,Premium
163,37,2004-03-06,IN,1178.95,FEMALE,JD,priv-house-serv,dancing,own-child,0,-67300,2015-01-16,Single Vehicle Collision,Rear Collision,Total Loss,Fire,NY,Springfield,YES,YES,49400,4940,9880,34580,Jeep,Wrangler,2005,N,Low,Unknown,Major,Evening,Single Vehicle,Multiple Witnesses,Standard
352,53,2013-07-12,IL,1793.16,MALE,Associate,tech-support,exercise,wife,0,0,2015-01-15,Single Vehicle Collision,Front Collision,Minor Damage,Fire,NC,Riverwood,YES,NO,68750,12500,6250,50000,Chevrolet,Malibu,2009,N,Low,None,Major,Evening,Single Vehicle,Multiple Witnesses,Standard
27,32,2014-08-27,OH,1008.38,FEMALE,PhD,adm-clerical,yachting,other-relative,37900,0,2015-02-01,Single Vehicle Collision,Front Collision,Total Loss,Ambulance,SC,Arlington,NO,,61500,12300,6150,43050,Dodge,Neon,2013,N,Low,None,Minor,Morning,Single Vehicle,No Witness,Basic
239,39,1990-06-22,IL,1396.83,FEMALE,Masters,other-service,reading,husband,0,0,2015-01-06,Multi-vehicle Collision,Rear Collision,Major Damage,Ambulance,WV,Northbend,,NO,76890,6990,13980,55920,BMW,X6,2007,N,Low,None,None,Early Morning,Multi-Vehicle,Multiple Witnesses,Basic
33,32,2008-03-07,OH,1402.78,FEMALE,PhD,other-service,base-jumping,husband,70300,-50300,2015-02-02,Single Vehicle Collision,Rear Collision,Minor Damage,Ambulance,NY,Northbrook,YES,,56070,6230,12460,37380,Toyota,Camry,2012,N,Low,Unknown,None,Early Morning,Single Vehicle,Single Witness,Basic
88,30,1992-08-05,IN,1437.88,FEMALE,College,transport-moving,reading,husband,42800,-51200,2015-02-25,Single Vehicle Collision,Side Collision,Total Loss,Fire,SC,Northbrook,NO,YES,56000,14000,0,42000,Chevrolet,Malibu,2003,N,Medium,None,Major,Early Morning,Single Vehicle,No Witness,Basic
101,33,1991-09-03,IL,1313.64,FEMALE,College,priv-house-serv,board-games,unmarried,12100,0,2015-02-10,Parked Car,,Trivial Damage,,NY,Hillsdale,YES,NO,4290,780,390,3120,Audi,A3,1997,N,Medium,None,Minor,Early Morning,Single Vehicle,No Witness,Premium
20,37,2011-09-02,IL,1482.14,FEMALE,Associate,transport-moving,reading,husband,33000,-43600,2015-02-22,Multi-vehicle Collision,Rear Collision,Total Loss,Other,NY,Arlington,,NO,60750,6750,6750,47250,Suburu,Forrestor,2003,N,Low,None,Major,Afternoon,Multi-Vehicle,Single Witness,Standard
126,30,2012-10-06,IL,1171.75,FEMALE,Associate,machine-op-inspct,board-games,not-in-family,46500,-42700,2015-01-31,Single Vehicle Collision,Side Collision,Minor Damage,Other,NY,Northbend,,NO,48730,4430,4430,39870,Chevrolet,Malibu,2011,N,High,None,Major,Evening,Single Vehicle,Multiple Witnesses,Standard
264,43,2014-01-18,IL,1353.33,MALE,Associate,adm-clerical,video-games,not-in-family,0,-8500,2015-02-12,Multi-vehicle Collision,Front Collision,Minor Damage,Police,WV,Springfield,YES,NO,95150,17300,17300,60550,Ford,Escape,2007,N,High,None,Major,Morning,Multi-Vehicle,No Witness,Premium
78,24,1992-03-22,IN,1175.51,MALE,Masters,craft-repair,yachting,husband,0,0,2015-01-06,Vehicle Theft,,Minor Damage,Police,NY,Columbus,,YES,7480,680,680,6120,Dodge,Neon,2003,N,Low,None,None,Evening,Single Vehicle,Single Witness,Basic
123,28,2012-12-03,IL,1836.02,MALE,Masters,transport-moving,movies,own-child,38000,-41200,2015-01-01,Single Vehicle Collision,Side Collision,Major Damage,Ambulance,NC,Riverwood,,YES,79800,13300,6650,59850,Volkswagen,Passat,2011,Y,High,None,Major,Early Morning,Single Vehicle,Single Witness,Basic
347,51,1996-10-18,OH,1480.79,FEMALE,MD,priv-house-serv,board-games,unmarried,0,-12100,2015-01-07,Single Vehicle Collision,Side Collision,Total Loss,Other,NC,Hillsdale,YES,,103560,8630,17260,77670,Jeep,Wrangler,1997,N,Low,Unknown,None,Afternoon,Single Vehicle,Multiple Witnesses,Premium
163,38,1997-10-02,IN,1453.92,FEMALE,PhD,other-service,yachting,other-relative,51700,0,2015-02-21,Single Vehicle Collision,Side Collision,Minor Damage,Ambulance,NY,Hillsdale,YES,,79500,15900,7950,55650,Accura,MDX,1995,N,High,None,Major,Afternoon,Single Vehicle,Multiple Witnesses,Premium
271,44,2008-03-18,OH,1340.71,FEMALE,High School,tech-support,base-jumping,other-relative,0,0,2015-02-14,Single Vehicle Collision,Rear Collision,Minor Damage,Other,SC,Riverwood,NO,NO,76230,6930,13860,55440,Volkswagen,Passat,1997,Y,Low,None,Major,Afternoon,Single Vehicle,Multiple Witnesses,Standard
410,54,2010-08-29,IL,714.03,MALE,MD,protective-serv,board-games,own-child,0,-17000,2015-02-16,Single Vehicle Collision,Side Collision,Minor Damage,Ambulance,WV,Northbend,YES,NO,59520,9920,9920,39680,Honda,Accord,2001,N,High,None,None,Early Morning,Single Vehicle,Multiple Witnesses,Basic
448,57,2005-03-31,IL,1376.16,FEMALE,PhD,tech-support,hiking,own-child,38600,-50300,2015-02-04,Multi-vehicle Collision,Front Collision,Major Damage,Police,SC,Arlington,NO,,47760,5970,5970,35820,Suburu,Impreza,2013,Y,High,None,Major,Morning,Multi-Vehicle,Single Witness,Basic
218,41,2013-12-25,IL,914.22,MALE,JD,prof-specialty,golf,wife,37900,-72900,2015-01-22,Multi-vehicle Collision,Side Collision,Total Loss,Police,NY,Springfield,NO,NO,84590,15380,7690,61520,Saab,93,2013,N,Low,None,Major,Afternoon,Multi-Vehicle,No Witness,Basic
43,38,2014-03-11,OH,1601.47,MALE,PhD,handlers-cleaners,skydiving,other-relative,64400,0,2015-02-15,Multi-vehicle Collision,Front Collision,Total Loss,Other,SC,Columbus,YES,,61650,6850,6850,47950,Nissan,Ultima,2006,N,Medium,None,Major,Early Morning,Multi-Vehicle,Multiple Witnesses,Premium
33,33,1997-08-04,IL,1096.79,FEMALE,Associate,handlers-cleaners,dancing,unmarried,45500,-60600,2015-01-07,Single Vehicle Collision,Rear Collision,Major Damage,Police,VA,Springfield,,,81400,8140,8140,65120,BMW,M5,1998,N,Medium,Unknown,Major,Afternoon,Single Vehicle,Single Witness,Premium
126,34,2007-11-14,IN,1078.22,FEMALE,Masters,transport-moving,camping,wife,54500,0,2015-02-23,Multi-vehicle Collision,Side Collision,Major Damage,Fire,SC,Northbend,NO,YES,58410,10620,5310,42480,Chevrolet,Tahoe,2007,N,High,None,None,Early Morning,Multi-Vehicle,Single Witness,Basic
411,56,1992-07-30,IL,1595.28,FEMALE,College,protective-serv,exercise,other-relative,0,0,2015-01-06,Multi-vehicle Collision,Side Collision,Major Damage,Ambulance,VA,Springfield,,,38610,3510,3510,31590,Volkswagen,Passat,2007,N,Medium,None,None,Evening,Multi-Vehicle,No Witness,Standard
225,37,2000-12-01,OH,1217.84,FEMALE,High School,farming-fishing,yachting,not-in-family,49600,0,2015-02-07,Multi-vehicle Collision,Front Collision,Minor Damage,Fire,WV,Northbrook,,NO,57600,9600,9600,38400,Volkswagen,Passat,2015,N,Medium,Unknown,Major,Evening,Multi-Vehicle,Multiple Witnesses,Basic
35,35,2002-09-10,IL,1117.42,FEMALE,PhD,protective-serv,kayaking,not-in-family,0,-51900,2015-02-14,Multi-vehicle Collision,Side Collision,Minor Damage,Fire,NC,Hillsdale,NO,NO,53190,5910,11820,35460,Volkswagen,Jetta,1996,N,High,None,Major,Evening,Multi-Vehicle,Multiple Witnesses,Basic
460,57,1997-11-07,OH,1567.37,FEMALE,JD,craft-repair,skydiving,husband,62500,0,2015-02-15,Single Vehicle Collision,Front Collision,Major Damage,Other,NY,Riverwood,,NO,58300,5830,11660,40810,Nissan,Maxima,2014,Y,High,None,Major,Morning,Single Vehicle,Multiple Witnesses,Basic
195,38,1993-05-18,IL,1294.93,MALE,MD,tech-support,video-games,unmarried,38000,-50300,2015-02-14,Multi-vehicle Collision,Front Collision,Minor Damage,Ambulance,WV,Springfield,YES,NO,64620,7180,0,57440,Dodge,Neon,2003,N,High,Unknown,Minor,Afternoon,Multi-Vehicle,Multiple Witnesses,Premium
360,51,1996-07-11,IL,1152.12,MALE,PhD,armed-forces,hiking,not-in-family,0,-62400,2015-02-05,Multi-vehicle Collision,Side Collision,Total Loss,Ambulance,WV,Riverwood,NO,YES,90480,15080,15080,60320,BMW,X6,2000,N,Medium,None,Major,Afternoon,Multi-Vehicle,No Witness,Standard
300,49,1995-12-17,IL,1441.21,FEMALE,PhD,farming-fishing,kayaking,wife,0,0,2015-01-04,Vehicle Theft,,Trivial Damage,,SC,Columbus,NO,NO,7080,1180,1180,4720,Nissan,Maxima,2001,N,Medium,None,Minor,Early Morning,Single Vehicle,No Witness,Basic
245,42,2002-07-16,IL,1575.74,MALE,JD,exec-managerial,chess,other-relative,0,-68900,2015-02-20,Parked Car,,Minor Damage,Police,PA,Springfield,,,6490,590,1180,4720,Toyota,Camry,2011,Y,Medium,Unknown,Major,Evening,Single Vehicle,Multiple Witnesses,Premium
146,36,2013-04-12,OH,1233.96,FEMALE,Masters,other-service,golf,other-relative,34500,-60600,2015-02-05,Multi-vehicle Collision,Side Collision,Total Loss,Police,NC,Hillsdale,NO,NO,55900,5590,5590,44720,Nissan,Ultima,2015,N,High,None,Minor,Afternoon,Multi-Vehicle,Single Witness,Premium
67,29,1995-11-13,IL,1861.43,MALE,High School,adm-clerical,polo,husband,60400,-67800,2015-01-15,Single Vehicle Collision,Rear Collision,Major Damage,Other,SC,Columbus,NO,YES,63800,6380,6380,51040,Saab,92x,1998,Y,Medium,None,None,Afternoon,Single Vehicle,Multiple Witnesses,Standard
380,56,2004-11-04,OH,1570.86,MALE,MD,farming-fishing,cross-fit,other-relative,66000,0,2015-01-05,Single Vehicle Collision,Side Collision,Total Loss,Police,VA,Northbend,,YES,58160,7270,7270,43620,Saab,95,1996,Y,Medium,None,None,Morning,Single Vehicle,Single Witness,Basic
389,53,1998-03-21,IL,791.47,MALE,Masters,armed-forces,chess,unmarried,0,0,2015-01-01,Vehicle Theft,,Minor Damage,Police,NC,Riverwood,NO,NO,6300,630,1260,4410,Mercedes,C300,2001,Y,High,None,Minor,Morning,Single Vehicle,Multiple Witnesses,Premium
317,46,1999-07-22,IN,1012.78,MALE,MD,sales,yachting,other-relative,43700,0,2015-01-26,Single Vehicle Collision,Front Collision,Major Damage,Fire,WV,Arlington,NO,NO,104610,19020,19020,66570,Mercedes,ML350,1999,Y,Medium,None,Major,Evening,Single Vehicle,Single Witness,Standard
264,44,2010-02-28,IL,1047.06,MALE,College,exec-managerial,sleeping,wife,0,0,2015-02-13,Multi-vehicle Collision,Rear Collision,Major Damage,Fire,SC,Springfield,NO,NO,69850,12700,6350,50800,Ford,Fusion,1999,N,Low,Unknown,None,Evening,Multi-Vehicle,Multiple Witnesses,Basic
20,21,2005-01-30,OH,1390.29,FEMALE,Masters,priv-house-serv,polo,other-relative,0,-41200,2015-01-14,Single Vehicle Collision,Rear Collision,Minor Damage,Fire,PA,Northbrook,NO,,62900,12580,6290,44030,Accura,MDX,2006,N,Medium,None,None,Afternoon,Single Vehicle,No Witness,Standard
116,30,2001-11-29,IN,951.46,MALE,JD,handlers-cleaners,golf,not-in-family,0,-35500,2015-01-31,Multi-vehicle Collision,Front Collision,Major Damage,Other,WV,Riverwood,NO,,59670,6630,6630,46410,Volkswagen,Passat,2004,Y,Low,None,None,Morning,Multi-Vehicle,Multiple Witnesses,Premium
222,40,2012-12-24,IL,1226.78,MALE,JD,armed-forces,camping,unmarried,49600,-49200,2015-01-22,Multi-vehicle Collision,Rear Collision,Minor Damage,Other,NY,Springfield,YES,,81500,16300,8150,57050,BMW,3 Series,2013,N,Medium,None,Major,Afternoon,Two Vehicles,No Witness,Basic
439,56,1997-05-11,OH,1280.9,MALE,High School,armed-forces,video-games,own-child,48900,-40900,2015-01-30,Single Vehicle Collision,Rear Collision,Minor Damage,Ambulance,NC,Springfield,NO,,50000,15000,5000,30000,Jeep,Wrangler,2009,N,Low,None,Major,Morning,Single Vehicle,No Witness,Basic
66,28,1994-01-26,IN,1472.77,MALE,Associate,adm-clerical,exercise,husband,0,-31700,2015-02-17,Single Vehicle Collision,Front Collision,Total Loss,Other,NY,Springfield,,,48290,8780,8780,30730,Nissan,Maxima,1995,N,High,None,Major,Early Morning,Single Vehicle,Single Witness,Basic
128,29,2010-11-04,OH,1878.44,MALE,High School,other-service,golf,husband,0,-76000,2015-02-20,Single Vehicle Collision,Rear Collision,Total Loss,Fire,VA,Riverwood,NO,,59070,5370,5370,48330,Chevrolet,Malibu,2003,N,Medium,None,None,Early Morning,Single Vehicle,No Witness,Premium
69,24,1992-06-19,IN,1418.5,FEMALE,High School,armed-forces,yachting,other-relative,0,0,2015-02-04,Multi-vehicle Collision,Rear Collision,Minor Damage,Police,NY,Springfield,,NO,63300,12660,6330,44310,Dodge,RAM,2012,N,Low,None,None,Evening,Multi-Vehicle,No Witness,Premium
294,46,2010-06-02,IL,1532.8,MALE,College,prof-specialty,exercise,own-child,0,0,2015-02-23,Single Vehicle Collision,Side Collision,Total Loss,Other,SC,Northbend,NO,YES,65780,11960,11960,41860,Mercedes,ML350,2013,N,Low,None,None,Morning,Single Vehicle,Multiple Witnesses,Basic
19,29,2002-10-12,OH,1304.35,MALE,JD,transport-moving,cross-fit,not-in-family,0,0,2015-02-08,Multi-vehicle Collision,Front Collision,Total Loss,Ambulance,NY,Columbus,NO,,75400,11600,11600,52200,Dodge,Neon,2005,Y,Low,None,None,Morning,Multi-Vehicle,Multiple Witnesses,Standard
191,33,2008-02-25,OH,1551.61,MALE,High School,armed-forces,movies,unmarried,45000,-30400,2015-02-21,Vehicle Theft,,Minor Damage,,WV,Arlington,YES,NO,2250,250,250,1750,Toyota,Corolla,2005,N,High,None,Minor,Early Morning,Single Vehicle,Single Witness,Premium
4,39,1996-09-05,IL,1326.98,FEMALE,High School,machine-op-inspct,reading,unmarried,64200,0,2015-01-13,Multi-vehicle Collision,Front Collision,Minor Damage,Ambulance,VA,Northbend,YES,,54120,4510,9020,40590,Jeep,Grand Cherokee,2007,N,Medium,Unknown,Minor,Afternoon,Multi-Vehicle,Multiple Witnesses,Basic
298,49,1998-03-16,OH,862.92,MALE,MD,machine-op-inspct,camping,wife,0,-71700,2015-01-17,Multi-vehicle Collision,Side Collision,Major Damage,Other,NY,Northbrook,NO,NO,69480,11580,11580,46320,Saab,95,2007,N,Low,None,None,Afternoon,Multi-Vehicle,Multiple Witnesses,Standard
231,43,2010-04-22,IN,1331.69,FEMALE,Masters,adm-clerical,reading,not-in-family,0,0,2015-02-18,Single Vehicle Collision,Rear Collision,Minor Damage,Police,NY,Northbend,,NO,66950,10300,10300,46350,Chevrolet,Malibu,2015,N,High,None,Minor,Afternoon,Single Vehicle,Multiple Witnesses,Basic
338,47,2008-01-25,OH,1486.04,FEMALE,Associate,armed-forces,board-games,own-child,0,-56200,2015-01-14,Multi-vehicle Collision,Rear Collision,Major Damage,Other,OH,Northbrook,NO,,64100,12820,6410,44870,Dodge,RAM,2014,Y,High,None,Major,Early Morning,Multi-Vehicle,Multiple Witnesses,Standard
261,46,2000-09-10,IN,870.55,MALE,PhD,prof-specialty,camping,unmarried,0,-49400,2015-01-27,Single Vehicle Collision,Rear Collision,Minor Damage,Other,SC,Springfield,,,80280,13380,13380,53520,Chevrolet,Tahoe,2013,N,Medium,None,None,Evening,Single Vehicle,Multiple Witnesses,Basic
321,44,2008-04-23,IL,1344.56,MALE,Associate,machine-op-inspct,hiking,husband,0,-39100,2015-02-12,Vehicle Theft,,Trivial Damage,Police,NY,Northbend,,NO,4680,520,0,4160,Accura,MDX,1999,N,High,Unknown,Minor,Morning,Single Vehicle,Multiple Witnesses,Premium
0,32,2011-02-18,OH,1377.04,MALE,College,tech-support,base-jumping,wife,61400,-41100,2015-01-17,Multi-vehicle Collision,Rear Collision,Minor Damage,Ambulance,NY,Springfield,,NO,39720,6620,6620,26480,Accura,MDX,2002,N,Medium,None,Minor,Morning,Multi-Vehicle,Single Witness,Premium
405,58,2012-04-24,IL,1237.88,MALE,MD,exec-managerial,exercise,not-in-family,0,-46900,2015-01-13,Single Vehicle Collision,Front Collision,Major Damage,Police,NY,Arlington,,,63580,5780,5780,52020,Mercedes,ML350,1997,Y,Low,None,None,Morning,Single Vehicle,No Witness,Standard
304,49,2001-09-25,IN,1525.86,FEMALE,PhD,craft-repair,camping,own-child,0,0,2015-01-21,Single Vehicle Collision,Side Collision,Minor Damage,Other,NC,Northbend,YES,YES,73370,13340,6670,53360,Saab,95,2013,N,Medium,None,Minor,Early Morning,Single Vehicle,Single Witness,Basic
1,29,2006-05-24,OH,854.58,FEMALE,JD,craft-repair,paintball,other-relative,52200,0,2015-01-01,Single Vehicle Collision,Side Collision,Minor Damage,Police,SC,Northbrook,,YES,86790,7890,23670,55230,Honda,CRV,2003,N,Low,None,Major,Afternoon,Single Vehicle,Multiple Witnesses,Premium
26,39,1992-01-30,IN,770.76,MALE,Masters,tech-support,sleeping,husband,0,-53700,2015-02-18,Single Vehicle Collision,Side Collision,Major Damage,Police,WV,Columbus,NO,,49800,9960,4980,34860,Mercedes,ML350,2015,N,Medium,None,None,Early Morning,Single Vehicle,Multiple Witnesses,Standard
202,38,2009-01-24,IL,1132.74,FEMALE,Associate,armed-forces,exercise,husband,0,-37500,2015-02-04,Single Vehicle Collision,Side Collision,Major Damage,Other,WV,Hillsdale,YES,NO,77440,7040,14080,56320,Nissan,Ultima,2005,N,High,None,Minor,Afternoon,Single Vehicle,Single Witness,Basic
289,48,1995-08-29,IL,1173.37,FEMALE,PhD,handlers-cleaners,board-games,own-child,0,-42700,2015-01-09,Single Vehicle Collision,Front Collision,Total Loss,Other,SC,Springfield,,,42900,8580,0,34320,Accura,TL,1999,N,Low,Unknown,Minor,Early Morning,Single Vehicle,No Witness,Premium
61,26,2011-07-31,OH,1188.28,FEMALE,JD,farming-fishing,skydiving,wife,0,-53800,2015-02-14,Multi-vehicle Collision,Rear Collision,Major Damage,Fire,VA,Hillsdale,YES,NO,53820,11960,5980,35880,Ford,F150,2015,Y,High,Unknown,Minor,Afternoon,Two Vehicles,No Witness,Basic
334,46,2013-01-05,IL,876.88,MALE,MD,sales,reading,other-relative,0,0,2015-01-03,Single Vehicle Collision,Rear Collision,Minor Damage,Police,WV,Hillsdale,NO,NO,57330,12740,6370,38220,Jeep,Grand Cherokee,1998,N,Medium,Unknown,Major,Early Morning,Single Vehicle,Single Witness,Basic
12,24,1994-11-18,IL,1143.95,FEMALE,PhD,tech-support,paintball,other-relative,51400,0,2015-02-04,Multi-vehicle Collision,Rear Collision,Minor Damage,Police,NY,Riverwood,NO,,53370,5930,5930,41510,Nissan,Ultima,2011,N,Medium,None,Major,Afternoon,Multi-Vehicle,Single Witness,Premium
86,29,2014-08-30,IL,1409.06,MALE,High School,prof-specialty,yachting,husband,74200,-68100,2015-01-30,Single Vehicle Collision,Front Collision,Minor Damage,Police,NY,Northbrook,NO,YES,62920,9680,14520,38720,Accura,MDX,2005,N,High,None,Major,Early Morning,Single Vehicle,Multiple Witnesses,Basic
83,24,2006-01-01,IN,1070.63,FEMALE,High School,machine-op-inspct,board-games,unmarried,0,0,2015-02-20,Multi-vehicle Collision,Front Collision,Total Loss,Fire,NY,Arlington,,NO,61600,6160,12320,43120,Honda,CRV,2003,N,Medium,None,None,Early Morning,Multi-Vehicle,Single Witness,Premium
126,30,1998-09-10,IL,916.13,MALE,College,sales,golf,unmarried,55300,-58400,2015-01-07,Multi-vehicle Collision,Rear Collision,Total Loss,Police,NY,Northbend,YES,NO,74160,6180,12360,55620,Mercedes,E400,2002,N,High,None,Major,Afternoon,Multi-Vehicle,No Witness,Premium
209,38,2010-01-28,OH,1191.5,MALE,High School,priv-house-serv,reading,husband,38600,-52900,2015-01-31,Single Vehicle Collision,Rear Collision,Total Loss,Police,WV,Arlington,NO,,80100,8900,8900,62300,Audi,A3,2015,N,Low,None,Major,Morning,Single Vehicle,No Witness,Standard
283,48,2003-01-04,OH,1474.66,FEMALE,JD,sales,paintball,husband,0,-46200,2015-02-17,Parked Car,,Trivial Damage,Police,NY,Hillsdale,,NO,6560,820,820,4920,Volkswagen,Jetta,2003,N,Medium,None,Major,Morning,Single Vehicle,Multiple Witnesses,Premium
194,34,2004-05-24,IL,1193.45,MALE,JD,other-service,hiking,not-in-family,0,0,2015-01-24,Single Vehicle Collision,Rear Collision,Total Loss,Ambulance,WV,Northbend,,YES,58800,11760,5880,41160,Nissan,Pathfinder,1997,N,Medium,None,Major,Morning,Single Vehicle,Single Witness,Standard
184,38,1994-09-12,IL,1437.53,FEMALE,College,transport-moving,chess,not-in-family,0,0,2015-02-02,Multi-vehicle Collision,Side Collision,Minor Damage,Ambulance,PA,Northbrook,,NO,53730,11940,5970,35820,Dodge,RAM,2013,Y,Medium,None,None,Morning,Multi-Vehicle,Multiple Witnesses,Standard
479,60,1997-07-07,IL,1304.83,FEMALE,College,other-service,cross-fit,husband,0,0,2015-01-09,Single Vehicle Collision,Rear Collision,Total Loss,Ambulance,NY,Arlington,NO,NO,60600,5050,10100,45450,Honda,Civic,2001,N,High,None,None,Evening,Single Vehicle,No Witness,Basic
284,48,1991-03-01,OH,1168.8,FEMALE,JD,tech-support,movies,other-relative,0,-42400,2015-02-28,Single Vehicle Collision,Side Collision,Total Loss,Other,NY,Northbrook,,YES,35750,6500,3250,26000,Mercedes,E400,2001,N,Medium,None,None,Morning,Single Vehicle,Multiple Witnesses,Standard
65,27,2001-09-29,IN,1164.97,FEMALE,College,adm-clerical,exercise,wife,43000,-42500,2015-01-17,Single Vehicle Collision,Front Collision,Total Loss,Ambulance,WV,Arlington,,YES,42840,3570,7140,32130,Chevrolet,Silverado,2004,N,Medium,None,Minor,Afternoon,Single Vehicle,Multiple Witnesses,Basic
222,39,2012-01-10,IL,1232.72,MALE,High School,armed-forces,hiking,own-child,87800,-51200,2015-02-09,Multi-vehicle Collision,Front Collision,Major Damage,Fire,SC,Springfield,,NO,87960,14660,14660,58640,Jeep,Wrangler,1999,Y,Medium,None,Minor,Evening,Multi-Vehicle,No Witness,Standard
196,41,2001-07-05,IL,1800.76,MALE,JD,protective-serv,camping,other-relative,0,-78600,2015-01-14,Multi-vehicle Collision,Rear Collision,Minor Damage,Ambulance,SC,Hillsdale,NO,NO,47800,4780,4780,38240,Jeep,Grand Cherokee,2009,N,High,None,Minor,Early Morning,Multi-Vehicle,No Witness,Standard
253,43,1991-08-07,IL,1187.01,FEMALE,Associate,tech-support,exercise,unmarried,46300,-33000,2015-02-02,Vehicle Theft,,Trivial Damage,Police,NY,Northbrook,NO,,3840,640,640,2560,Chevrolet,Tahoe,2014,N,Low,Unknown,None,Morning,Single Vehicle,Single Witness,Premium
280,43,2012-07-24,IN,1559.34,MALE,JD,transport-moving,hiking,own-child,0,-51600,2015-02-17,Single Vehicle Collision,Front Collision,Total Loss,Fire,NY,Riverwood,NO,,77000,14000,7000,56000,Accura,RSX,2004,N,Medium,None,None,Early Morning,Single Vehicle,Multiple Witnesses,Basic
5,26,2014-07-27,IL,1137.02,FEMALE,PhD,farming-fishing,skydiving,not-in-family,31500,0,2015-01-25,Single Vehicle Collision,Rear Collision,Total Loss,Ambulance,WV,Springfield,YES,,88110,16020,16020,56070,Audi,A5,2003,N,High,None,Minor,Evening,Single Vehicle,Multiple Witnesses,Standard
220,42,1994-08-08,IN,1281.72,MALE,College,farming-fishing,hiking,other-relative,33500,-49500,2015-02-13,Multi-vehicle Collision,Rear Collision,Minor Damage,Fire,SC,Northbend,NO,YES,47740,4340,4340,39060,Honda,Civic,2005,N,Medium,None,None,Evening,Multi-Vehicle,Multiple Witnesses,Basic
85,30,2001-12-09,OH,796.35,FEMALE,MD,craft-repair,video-games,own-child,72400,-77000,2015-02-20,Multi-vehicle Collision,Rear Collision,Total Loss,Fire,SC,Northbend,YES,YES,58960,5360,10720,42880,Ford,F150,2004,N,Medium,None,Major,Morning,Multi-Vehicle,Single Witness,Basic
266,46,1990-03-14,OH,1270.02,FEMALE,Associate,tech-support,skydiving,own-child,0,-45800,2015-01-08,Parked Car,,Minor Damage,Police,NC,Northbrook,NO,,2160,480,240,1440,Toyota,Corolla,2004,N,Low,None,Minor,Early Morning,Single Vehicle,Multiple Witnesses,Standard
41,26,2006-03-28,IL,1383.13,FEMALE,JD,prof-specialty,exercise,own-child,46700,0,2015-02-28,Vehicle Theft,,Trivial Damage,Police,SC,Riverwood,YES,,6890,530,1060,5300,Jeep,Grand Cherokee,1997,N,Medium,None,Minor,Afternoon,Single Vehicle,Single Witness,Basic
316,45,2013-12-23,IL,1290.74,FEMALE,High School,prof-specialty,kayaking,husband,58300,0,2015-02-12,Multi-vehicle Collision,Side Collision,Major Damage,Ambulance,VA,Springfield,NO,YES,78870,7170,14340,57360,Suburu,Legacy,2013,N,High,Unknown,Major,Morning,Multi-Vehicle,No Witness,Basic
285,47,1991-09-30,IN,1216.68,FEMALE,Masters,sales,basketball,other-relative,55100,0,2015-01-06,Vehicle Theft,,Trivial Damage,Police,SC,Columbus,NO,NO,2700,300,300,2100,Ford,F150,2013,N,Medium,None,Minor,Morning,Single Vehicle,Single Witness,Basic
379,54,2001-12-27,IL,1251.16,FEMALE,Associate,machine-op-inspct,kayaking,not-in-family,41400,0,2015-02-15,Single Vehicle Collision,Front Collision,Total Loss,Ambulance,WV,Riverwood,,NO,75960,6330,6330,63300,Jeep,Grand Cherokee,2010,N,Low,None,None,Afternoon,Single Vehicle,Single Witness,Basic
15,34,2005-04-07,IN,1586.41,FEMALE,High School,sales,video-games,other-relative,33500,-58900,2015-01-20,Single Vehicle Collision,Front Collision,Major Damage,Police,WV,Northbrook,YES,,75570,6870,13740,54960,BMW,X5,2010,Y,High,None,Minor,Morning,Single Vehicle,Multiple Witnesses,Standard
354,48,2003-04-08,IL,1526.11,FEMALE,Masters,sales,exercise,unmarried,0,0,2015-01-03,Single Vehicle Collision,Front Collision,Minor Damage,Police,SC,Columbus,,YES,90240,15040,15040,60160,Chevrolet,Malibu,1995,N,High,Unknown,Major,Afternoon,Single Vehicle,Multiple Witnesses,Premium
342,53,2005-11-14,IN,1028.44,FEMALE,College,prof-specialty,dancing,not-in-family,0,0,2015-01-26,Single Vehicle Collision,Front Collision,Major Damage,Ambulance,SC,Springfield,,NO,80960,14720,7360,58880,Accura,MDX,2000,N,Medium,None,None,Afternoon,Single Vehicle,No Witness,Basic
169,38,2005-01-07,IL,1555.94,MALE,PhD,craft-repair,skydiving,own-child,23300,0,2015-01-25,Multi-vehicle Collision,Front Collision,Total Loss,Other,VA,Riverwood,NO,YES,79080,6590,13180,59310,Mercedes,C300,2012,N,Medium,None,Minor,Afternoon,Multi-Vehicle,Multiple Witnesses,Basic
339,49,1994-02-14,IN,1570.77,MALE,JD,adm-clerical,paintball,not-in-family,98800,-65300,2015-01-18,Vehicle Theft,,Minor Damage,,SC,Columbus,NO,NO,6820,1240,620,4960,Mercedes,ML350,2009,N,High,None,None,Afternoon,Single Vehicle,Multiple Witnesses,Premium
259,42,1996-01-23,OH,1170.53,FEMALE,PhD,armed-forces,sleeping,wife,65000,-49200,2015-01-12,Multi-vehicle Collision,Rear Collision,Total Loss,Fire,WV,Northbend,NO,YES,62590,5690,11380,45520,Nissan,Pathfinder,2006,N,High,None,Minor,Afternoon,Multi-Vehicle,Multiple Witnesses,Basic
65,23,1999-12-12,OH,1099.95,FEMALE,College,sales,dancing,wife,0,-71900,2015-01-15,Single Vehicle Collision,Side Collision,Major Damage,Other,NY,Arlington,NO,YES,52400,6550,6550,39300,Accura,MDX,2005,Y,Medium,None,Minor,Afternoon,Single Vehicle,No Witness,Standard
254,46,2004-07-15,IL,1472.43,MALE,MD,tech-support,basketball,husband,0,-90600,2015-01-10,Multi-vehicle Collision,Front Collision,Major Damage,Ambulance,WV,Arlington,,YES,63580,5780,11560,46240,Volkswagen,Jetta,2004,N,High,None,Minor,Early Morning,Multi-Vehicle,Multiple Witnesses,Standard
440,55,2012-11-07,IL,1275.62,FEMALE,Associate,priv-house-serv,reading,other-relative,0,-56200,2015-01-23,Multi-vehicle Collision,Side Collision,Minor Damage,Police,NY,Riverwood,YES,NO,61400,6140,6140,49120,Nissan,Ultima,1995,N,Low,None,Major,Evening,Multi-Vehicle,Single Witness,Standard
478,63,2009-06-29,IL,1292.3,MALE,High School,adm-clerical,paintball,own-child,47600,0,2015-02-21,Parked Car,,Minor Damage,,VA,Northbend,YES,NO,4700,940,470,3290,Dodge,Neon,2007,Y,Medium,None,Minor,Early Morning,Single Vehicle,Multiple Witnesses,Standard
230,44,2000-06-26,IN,1009.37,FEMALE,College,prof-specialty,hiking,other-relative,45400,-39400,2015-02-17,Single Vehicle Collision,Front Collision,Total Loss,Fire,SC,Riverwood,NO,YES,74140,13480,13480,47180,BMW,X5,2015,N,High,None,None,Evening,Single Vehicle,Multiple Witnesses,Standard
138,30,2002-01-09,OH,1093.07,FEMALE,PhD,other-service,reading,wife,27700,-72400,2015-01-06,Single Vehicle Collision,Front Collision,Major Damage,Other,VA,Hillsdale,,NO,83160,6930,13860,62370,Volkswagen,Jetta,2011,N,Low,Unknown,Major,Early Morning,Single Vehicle,Multiple Witnesses,Premium
239,41,2013-11-11,OH,1325.44,FEMALE,JD,farming-fishing,paintball,other-relative,51400,-6300,2015-02-18,Parked Car,,Trivial Damage,Police,NC,Arlington,,YES,10790,1660,830,8300,Mercedes,E400,2013,N,Medium,Unknown,None,Evening,Single Vehicle,Multiple Witnesses,Standard
93,31,2008-01-14,IL,1017.18,FEMALE,MD,prof-specialty,paintball,husband,0,0,2015-02-17,Multi-vehicle Collision,Rear Collision,Major Damage,Police,NC,Arlington,YES,NO,48070,8740,8740,30590,Saab,92x,2014,N,High,None,Minor,Evening,Multi-Vehicle,Multiple Witnesses,Basic
37,25,2003-03-04,OH,1221.17,FEMALE,Masters,protective-serv,golf,not-in-family,49300,0,2015-01-24,Multi-vehicle Collision,Rear Collision,Minor Damage,Ambulance,SC,Northbrook,YES,YES,51030,5670,11340,34020,Suburu,Impreza,1996,N,Medium,None,None,Early Morning,Multi-Vehicle,No Witness,Basic
254,40,1994-06-07,IN,1927.87,MALE,MD,prof-specialty,yachting,husband,0,0,2015-01-21,Single Vehicle Collision,Front Collision,Minor Damage,Fire,VA,Arlington,YES,,43280,0,5410,37870,Honda,Civic,1996,Y,Low,None,None,Morning,Single Vehicle,Single Witness,Basic
131,29,2013-07-04,IN,978.27,FEMALE,Associate,sales,paintball,own-child,65700,0,2015-02-03,Single Vehicle Collision,Front Collision,Major Damage,Fire,SC,Hillsdale,,NO,76400,15280,7640,53480,Suburu,Forrestor,2003,N,Medium,None,Minor,Early Morning,Single Vehicle,Multiple Witnesses,Standard
230,43,2002-06-30,IN,1221.14,MALE,MD,prof-specialty,board-games,wife,48100,0,2015-01-07,Single Vehicle Collision,Side Collision,Total Loss,Ambulance,VA,Hillsdale,,,75460,13720,13720,48020,Audi,A5,2002,N,High,None,None,Afternoon,Single Vehicle,Multiple Witnesses,Basic
313,50,2004-06-30,OH,1255.62,MALE,MD,armed-forces,polo,unmarried,0,0,2015-02-02,Multi-vehicle Collision,Side Collision,Major Damage,Other,OH,Northbrook,YES,YES,69000,13800,6900,48300,Ford,F150,1995,Y,High,None,Major,Evening,Multi-Vehicle,Single Witness,Basic
210,38,1998-12-19,IN,999.52,MALE,JD,tech-support,golf,other-relative,0,0,2015-01-13,Vehicle Theft,,Minor Damage,Police,VA,Springfield,,NO,8640,1440,720,6480,Accura,TL,2008,N,Low,None,Minor,Morning,Single Vehicle,Multiple Witnesses,Standard
101,29,2014-08-31,OH,1380.89,MALE,PhD,armed-forces,dancing,own-child,30000,-53000,2015-02-28,Multi-vehicle Collision,Rear Collision,Minor Damage,Ambulance,SC,Arlington,,,67210,12220,12220,42770,BMW,X6,1996,N,Low,None,Major,Early Morning,Multi-Vehicle,Single Witness,Standard
153,37,2005-11-10,IN,1010.77,MALE,High School,transport-moving,basketball,unmarried,52300,-55600,2015-01-16,Multi-vehicle Collision,Side Collision,Total Loss,Ambulance,NC,Arlington,,NO,42500,4250,4250,34000,Volkswagen,Jetta,1999,N,Low,None,None,Early Morning,Multi-Vehicle,Multiple Witnesses,Premium
337,53,2000-05-04,OH,1205.86,MALE,Associate,armed-forces,basketball,wife,0,-34600,2015-02-01,Single Vehicle Collision,Rear Collision,Minor Damage,Fire,SC,Arlington,YES,NO,86400,14400,7200,64800,Accura,RSX,2001,N,Low,None,None,Morning,Single Vehicle,Single Witness,Basic
360,51,2001-11-26,IL,1526.61,MALE,Masters,handlers-cleaners,chess,not-in-family,0,-32900,2015-01-30,Vehicle Theft,,Minor Damage,Police,SC,Hillsdale,YES,,4620,840,840,2940,Dodge,RAM,2009,Y,Medium,None,Major,Early Morning,Single Vehicle,Multiple Witnesses,Premium
428,53,2014-05-06,IL,1496.44,FEMALE,High School,tech-support,camping,unmarried,0,0,2015-02-16,Parked Car,,Trivial Damage,Police,NC,Springfield,YES,NO,6930,630,1260,5040,Honda,CRV,2013,N,Medium,None,Major,Morning,Single Vehicle,Multiple Witnesses,Basic
204,40,1991-01-27,IL,1256.2,FEMALE,JD,sales,hiking,not-in-family,0,0,2015-01-07,Multi-vehicle Collision,Side Collision,Minor Damage,Other,SC,Northbend,YES,YES,41700,8340,8340,25020,Saab,95,2013,N,Low,None,Minor,Morning,Multi-Vehicle,Multiple Witnesses,Basic
364,51,1992-04-28,IL,1268.35,MALE,Masters,transport-moving,board-games,wife,0,0,2015-01-10,Single Vehicle Collision,Rear Collision,Major Damage,Other,NY,Northbrook,YES,NO,77330,14060,14060,49210,Volkswagen,Jetta,2014,Y,Low,None,Major,Afternoon,Single Vehicle,Single Witness,Basic
185,35,2000-03-04,IN,1421.59,MALE,College,other-service,sleeping,own-child,0,0,2015-01-31,Vehicle Theft,,Trivial Damage,Police,WV,Arlington,,YES,4950,900,450,3600,Ford,F150,2011,N,High,None,Major,Morning,Single Vehicle,Multiple Witnesses,Premium
63,26,1995-10-12,IL,1500.04,MALE,PhD,craft-repair,polo,own-child,0,-36500,2015-02-13,Vehicle Theft,,Minor Damage,Police,NC,Northbrook,NO,YES,5160,860,860,3440,Accura,TL,2004,N,Low,Unknown,None,Early Morning,Single Vehicle,Multiple Witnesses,Premium
210,35,2014-04-25,IL,1433.24,FEMALE,College,exec-managerial,yachting,not-in-family,0,-19500,2015-02-22,Multi-vehicle Collision,Side Collision,Total Loss,Fire,WV,Riverwood,NO,,24570,2730,2730,19110,Saab,95,2006,Y,Low,None,Major,Morning,Multi-Vehicle,Single Witness,Basic
194,38,2011-01-26,IN,1231.25,FEMALE,PhD,craft-repair,movies,not-in-family,46500,0,2015-01-08,Multi-vehicle Collision,Rear Collision,Minor Damage,Ambulance,WV,Arlington,,,53680,4880,9760,39040,Toyota,Camry,2011,N,High,None,Minor,Afternoon,Multi-Vehicle,No Witness,Basic
294,49,1996-01-26,IN,1135.43,MALE,Masters,farming-fishing,bungie-jumping,own-child,22700,0,2015-02-04,Multi-vehicle Collision,Side Collision,Total Loss,Police,WV,Columbus,YES,YES,42900,3900,3900,35100,Chevrolet,Malibu,2010,N,Low,None,Minor,Evening,Multi-Vehicle,Single Witness,Premium
272,41,1991-04-08,OH,945.73,MALE,MD,protective-serv,chess,wife,38600,-42800,2015-02-04,Single Vehicle Collision,Front Collision,Minor Damage,Fire,NY,Arlington,NO,NO,84100,16820,8410,58870,Ford,Escape,2009,Y,High,Unknown,None,Evening,Single Vehicle,No Witness,Standard
27,27,2002-06-29,IN,1118.76,FEMALE,College,adm-clerical,dancing,own-child,0,-55800,2015-02-26,Single Vehicle Collision,Front Collision,Total Loss,Fire,NY,Northbrook,,,61560,6840,6840,47880,Ford,Fusion,2008,N,High,None,Minor,Evening,Single Vehicle,Multiple Witnesses,Basic
251,39,1999-04-09,IN,1231.98,FEMALE,Associate,other-service,hiking,not-in-family,0,-31700,2015-01-08,Single Vehicle Collision,Rear Collision,Minor Damage,Police,NY,Hillsdale,YES,,44240,5530,5530,33180,Dodge,RAM,1997,N,High,None,None,Morning,Single Vehicle,No Witness,Premium
180,33,2009-04-19,IN,1005.47,FEMALE,JD,protective-serv,hiking,own-child,58100,-49000,2015-02-15,Multi-vehicle Collision,Rear Collision,Minor Damage,Ambulance,VA,Columbus,,YES,57700,11540,5770,40390,Jeep,Grand Cherokee,2002,N,High,None,Major,Afternoon,Multi-Vehicle,Multiple Witnesses,Premium
392,50,1991-08-22,OH,1108.97,FEMALE,PhD,exec-managerial,exercise,not-in-family,68400,-66800,2015-01-14,Single Vehicle Collision,Side Collision,Minor Damage,Other,WV,Springfield,NO,YES,108030,16620,16620,74790,Saab,92x,2002,N,High,None,Major,Early Morning,Single Vehicle,Multiple Witnesses,Basic
143,30,1991-11-28,IN,1392.39,FEMALE,High School,exec-managerial,dancing,unmarried,0,-65700,2015-01-12,Single Vehicle Collision,Rear Collision,Minor Damage,Fire,SC,Riverwood,NO,YES,54300,10860,5430,38010,Toyota,Highlander,2010,N,Low,Unknown,Major,Afternoon,Single Vehicle,No Witness,Basic
371,54,2012-04-27,IN,1317.97,MALE,High School,craft-repair,movies,wife,34700,-81000,2015-01-18,Multi-vehicle Collision,Front Collision,Major Damage,Ambulance,SC,Columbus,,,32280,5380,5380,21520,Ford,Fusion,2010,Y,High,None,Minor,Evening,Multi-Vehicle,Multiple Witnesses,Basic
292,42,2007-03-04,IN,1588.22,MALE,JD,machine-op-inspct,camping,other-relative,0,-53800,2015-01-15,Multi-vehicle Collision,Rear Collision,Total Loss,Other,WV,Riverwood,YES,NO,84600,16920,8460,59220,Chevrolet,Malibu,2007,N,Medium,None,Minor,Afternoon,Multi-Vehicle,Single Witness,Standard
165,35,2012-12-31,IL,900.02,MALE,College,craft-repair,camping,own-child,0,-49900,2015-02-24,Single Vehicle Collision,Front Collision,Total Loss,Other,SC,Springfield,NO,YES,69700,6970,6970,55760,BMW,3 Series,2008,N,Low,Unknown,Minor,Morning,Single Vehicle,Multiple Witnesses,Standard
158,33,2013-12-21,OH,1744.64,MALE,JD,prof-specialty,movies,unmarried,0,0,2015-02-07,Multi-vehicle Collision,Rear Collision,Total Loss,Ambulance,WV,Springfield,NO,NO,36400,3640,7280,25480,Volkswagen,Jetta,1998,N,Medium,Premium,None,Early Morning,Multi-Vehicle,Single Witness,Basic
241,39,2005-04-28,OH,1260.56,FEMALE,JD,adm-clerical,paintball,own-child,0,-54900,2015-02-22,Multi-vehicle Collision,Side Collision,Minor Damage,Police,SC,Northbrook,NO,YES,37520,4690,4690,28140,Jeep,Wrangler,2010,N,Medium,None,None,Evening,Multi-Vehicle,Multiple Witnesses,Standard
103,33,1994-09-17,OH,1021.14,FEMALE,Masters,other-service,paintball,wife,69500,-47700,2015-01-19,Multi-vehicle Collision,Side Collision,Major Damage,Ambulance,NY,Northbend,NO,,79090,14380,14380,50330,Dodge,RAM,2014,N,High,None,Major,Early Morning,Multi-Vehicle,Multiple Witnesses,Premium
402,54,2003-08-16,OH,1285.09,MALE,JD,farming-fishing,board-games,not-in-family,48000,-79600,2015-02-28,Single Vehicle Collision,Rear Collision,Major Damage,Other,NY,Springfield,NO,YES,67770,7530,15060,45180,Mercedes,ML350,2013,Y,High,None,None,Evening,Single Vehicle,Multiple Witnesses,Standard
102,32,2014-09-02,OH,1537.07,MALE,JD,tech-support,chess,wife,0,0,2015-02-04,Single Vehicle Collision,Side Collision,Total Loss,Other,OH,Northbend,NO,NO,47400,9480,4740,33180,Chevrolet,Silverado,2004,Y,Low,Premium,Minor,Morning,Single Vehicle,No Witness,Basic
182,40,2011-12-12,IN,1022.42,MALE,PhD,other-service,skydiving,husband,50000,-56900,2015-02-17,Single Vehicle Collision,Front Collision,Total Loss,Other,SC,Northbend,YES,,71100,7110,14220,49770,Audi,A3,2008,N,Medium,None,None,Afternoon,Single Vehicle,Multiple Witnesses,Basic
282,46,1991-08-17,OH,1558.86,MALE,MD,other-service,dancing,wife,51100,-75100,2015-02-17,Single Vehicle Collision,Front Collision,Minor Damage,Police,NY,Springfield,,NO,69400,13880,6940,48580,BMW,M5,2012,N,High,None,Major,Early Morning,Single Vehicle,Multiple Witnesses,Basic
222,39,2004-02-29,OH,1757.87,MALE,High School,transport-moving,board-games,not-in-family,71400,0,2015-01-17,Multi-vehicle Collision,Rear Collision,Major Damage,Other,SC,Northbrook,YES,,55000,5000,10000,40000,Saab,93,1996,Y,Low,None,Major,Morning,Multi-Vehicle,Single Witness,Premium
415,52,2015-02-22,IN,973.5,MALE,PhD,machine-op-inspct,polo,not-in-family,50400,0,2015-02-02,Multi-vehicle Collision,Rear Collision,Total Loss,Police,WV,Arlington,YES,YES,51090,7860,7860,35370,Toyota,Highlander,2003,N,Medium,None,Minor,Afternoon,Two Vehicles,Multiple Witnesses,Standard
51,34,2013-12-25,OH,1430.8,MALE,PhD,machine-op-inspct,camping,unmarried,0,0,2015-02-12,Single Vehicle Collision,Side Collision,Major Damage,Fire,NY,Springfield,,NO,64200,6420,19260,38520,Honda,Civic,2007,Y,Low,None,Major,Evening,Single Vehicle,Multiple Witnesses,Premium
255,45,1990-10-13,IL,1192.27,MALE,High School,sales,base-jumping,own-child,0,-40200,2015-01-04,Single Vehicle Collision,Front Collision,Total Loss,Other,NC,Riverwood,NO,YES,67320,12240,12240,42840,Ford,Fusion,2006,N,Low,None,Major,Afternoon,Single Vehicle,No Witness,Premium
143,31,2014-07-05,IL,1163.83,MALE,Associate,protective-serv,movies,husband,37700,0,2015-02-21,Multi-vehicle Collision,Side Collision,Major Damage,Other,NC,Arlington,YES,,76120,6920,13840,55360,Audi,A5,1999,N,Low,None,Major,Evening,Multi-Vehicle,No Witness,Standard
130,28,1991-11-25,OH,1003.15,FEMALE,JD,farming-fishing,movies,other-relative,0,-38500,2015-01-23,Multi-vehicle Collision,Front Collision,Minor Damage,Ambulance,SC,Hillsdale,YES,NO,85020,13080,13080,58860,Ford,Fusion,2010,N,Medium,None,Major,Evening,Two Vehicles,Single Witness,Premium
242,41,1990-10-02,OH,1153.54,MALE,Masters,protective-serv,polo,unmarried,0,-57000,2015-02-12,Multi-vehicle Collision,Rear Collision,Minor Damage,Fire,NY,Northbrook,NO,,68090,12380,12380,43330,Toyota,Corolla,2009,N,High,Unknown,None,Early Morning,Multi-Vehicle,Single Witness,Standard
96,27,2009-02-17,IL,1631.1,FEMALE,High School,priv-house-serv,exercise,wife,0,0,2015-01-23,Parked Car,,Trivial Damage,Police,WV,Arlington,,NO,6030,670,670,4690,Nissan,Pathfinder,2007,N,Medium,None,Minor,Early Morning,Single Vehicle,Multiple Witnesses,Basic
180,35,2005-07-17,IL,1252.48,MALE,MD,machine-op-inspct,yachting,wife,0,-55800,2015-02-10,Vehicle Theft,,Minor Damage,,OH,Springfield,,NO,5100,1020,510,3570,Chevrolet,Malibu,2000,N,Medium,None,Minor,Afternoon,Single Vehicle,Multiple Witnesses,Premium
150,30,1994-03-12,IN,1677.26,MALE,College,sales,yachting,own-child,40100,0,2015-01-10,Vehicle Theft,,Trivial Damage,Police,WV,Springfield,YES,YES,4590,510,510,3570,Volkswagen,Jetta,2013,N,Medium,None,Minor,Morning,Single Vehicle,Multiple Witnesses,Basic
463,59,1994-08-03,IL,979.73,FEMALE,JD,exec-managerial,yachting,not-in-family,51700,0,2015-02-12,Multi-vehicle Collision,Front Collision,Major Damage,Other,SC,Columbus,,NO,72400,7240,14480,50680,Chevrolet,Tahoe,1999,Y,Medium,None,Minor,Afternoon,Two Vehicles,Multiple Witnesses,Standard
472,64,2012-08-25,IN,989.24,MALE,Masters,other-service,skydiving,not-in-family,0,0,2015-02-21,Single Vehicle Collision,Front Collision,Major Damage,Fire,NY,Northbrook,NO,NO,70900,14180,7090,49630,Mercedes,ML350,2002,N,Low,None,Major,Afternoon,Single Vehicle,Multiple Witnesses,Standard
75,25,2011-12-02,IL,1389.86,FEMALE,Associate,priv-house-serv,hiking,husband,0,0,2015-01-18,Multi-vehicle Collision,Side Collision,Total Loss,Other,WV,Springfield,,YES,65100,6510,6510,52080,Saab,93,2011,N,Medium,None,Major,Evening,Two Vehicles,Multiple Witnesses,Premium
193,40,2005-02-25,OH,1233.85,FEMALE,College,handlers-cleaners,chess,husband,0,0,2015-02-28,Multi-vehicle Collision,Side Collision,Total Loss,Ambulance,PA,Hillsdale,,YES,64260,0,14280,49980,Ford,Escape,1999,N,Low,None,Major,Evening,Multi-Vehicle,Single Witness,Basic
43,43,1997-11-07,IL,1320.39,FEMALE,Associate,armed-forces,yachting,not-in-family,0,0,2015-01-19,Single Vehicle Collision,Rear Collision,Major Damage,Ambulance,WV,Arlington,,,79970,7270,21810,50890,Honda,CRV,1996,Y,Low,None,Major,Afternoon,Single Vehicle,Single Witness,Premium
253,41,2004-04-20,IN,1435.09,FEMALE,College,machine-op-inspct,bungie-jumping,not-in-family,36600,0,2015-01-11,Single Vehicle Collision,Rear Collision,Total Loss,Police,SC,Northbrook,NO,,56610,6290,6290,44030,Chevrolet,Tahoe,1995,N,Medium,None,Major,Afternoon,Single Vehicle,No Witness,Basic
152,30,2009-11-17,IN,1448.54,FEMALE,JD,craft-repair,polo,wife,58600,0,2015-02-11,Single Vehicle Collision,Side Collision,Major Damage,Fire,VA,Northbrook,YES,,84590,7690,7690,69210,Toyota,Highlander,2000,Y,Low,None,Minor,Morning,Single Vehicle,Single Witness,Premium
160,38,2009-09-19,OH,1733.56,MALE,High School,sales,sleeping,wife,0,-43800,2015-01-09,Multi-vehicle Collision,Side Collision,Major Damage,Fire,SC,Hillsdale,NO,YES,66780,7420,14840,44520,Mercedes,ML350,1996,N,Low,None,Major,Afternoon,Multi-Vehicle,Single Witness,Standard
56,36,2009-11-08,IN,1533.07,MALE,JD,farming-fishing,exercise,own-child,0,-28800,2015-01-20,Single Vehicle Collision,Rear Collision,Major Damage,Police,NC,Springfield,YES,YES,58500,0,6500,52000,Ford,Escape,2001,N,Low,None,Minor,Afternoon,Single Vehicle,Multiple Witnesses,Basic
286,41,2001-09-12,IL,1106.77,FEMALE,College,prof-specialty,golf,other-relative,45500,-62500,2015-02-26,Parked Car,,Trivial Damage,Police,WV,Columbus,,NO,5000,500,500,4000,Dodge,RAM,2003,N,Low,None,Major,Early Morning,Single Vehicle,No Witness,Basic
3,29,1992-11-27,IL,995.7,FEMALE,JD,priv-house-serv,chess,unmarried,0,0,2015-02-02,Parked Car,,Trivial Damage,Police,PA,Springfield,,,5000,500,1000,3500,Mercedes,E400,2008,Y,Low,Unknown,Major,Early Morning,Single Vehicle,Single Witness,Basic
286,41,1998-12-07,IL,1298.85,FEMALE,High School,sales,camping,other-relative,71300,-70300,2015-01-04,Multi-vehicle Collision,Front Collision,Major Damage,Ambulance,NY,Columbus,,YES,54450,6050,12100,36300,Saab,92x,2007,N,Medium,Unknown,Minor,Afternoon,Multi-Vehicle,Multiple Witnesses,Standard
239,38,1990-08-25,OH,1276.73,FEMALE,Masters,handlers-cleaners,bungie-jumping,other-relative,0,0,2015-02-19,Multi-vehicle Collision,Front Collision,Major Damage,Police,WV,Northbrook,NO,,61920,6880,6880,48160,Saab,93,2003,N,Medium,Unknown,Minor,Afternoon,Multi-Vehicle,Multiple Witnesses,Standard
64,29,2011-10-22,OH,1202.28,MALE,High School,exec-managerial,cross-fit,other-relative,0,-61400,2015-01-12,Single Vehicle Collision,Side Collision,Minor Damage,Ambulance,VA,Hillsdale,,NO,43700,4370,4370,34960,Nissan,Pathfinder,2007,Y,High,None,Minor,Early Morning,Single Vehicle,Multiple Witnesses,Standard
98,31,1990-02-01,IN,671.92,MALE,Masters,machine-op-inspct,bungie-jumping,wife,0,-26400,2015-01-24,Single Vehicle Collision,Front Collision,Minor Damage,Other,NC,Riverwood,,,64080,7120,7120,49840,Ford,Escape,1997,N,Low,None,Major,Early Morning,Single Vehicle,No Witness,Basic
16,35,1990-11-27,IL,1358.03,MALE,JD,sales,chess,own-child,59300,-31400,2015-02-17,Single Vehicle Collision,Rear Collision,Total Loss,Other,SC,Hillsdale,NO,,55000,10000,10000,35000,Volkswagen,Jetta,2008,Y,Medium,None,Major,Early Morning,Single Vehicle,Single Witness,Standard
70,27,2004-07-16,IN,1008.79,FEMALE,Masters,adm-clerical,video-games,own-child,46000,0,2015-01-13,Vehicle Theft,,Trivial Damage,Police,WV,Columbus,NO,,4400,0,550,3850,Toyota,Camry,2000,N,Medium,Unknown,Major,Evening,Single Vehicle,Multiple Witnesses,Standard
75,27,1993-12-10,OH,1141.1,MALE,JD,armed-forces,movies,other-relative,0,0,2015-02-28,Multi-vehicle Collision,Side Collision,Minor Damage,Police,SC,Hillsdale,,YES,71640,5970,11940,53730,Toyota,Highlander,2008,N,Medium,None,None,Afternoon,Two Vehicles,Single Witness,Basic
246,44,1995-03-08,OH,1397.0,MALE,High School,machine-op-inspct,reading,not-in-family,0,0,2015-01-03,Single Vehicle Collision,Rear Collision,Minor Damage,Other,NY,Arlington,NO,NO,61740,6860,6860,48020,Accura,MDX,1997,N,Medium,None,Minor,Morning,Single Vehicle,No Witness,Basic
110,27,2009-08-03,OH,1664.66,FEMALE,Associate,priv-house-serv,golf,own-child,0,-66200,2015-02-05,Single Vehicle Collision,Side Collision,Total Loss,Ambulance,SC,Springfield,,,57500,5750,5750,46000,Audi,A3,2010,N,Medium,None,None,Early Morning,Single Vehicle,Multiple Witnesses,Premium
236,39,1996-11-03,IN,1151.39,FEMALE,Masters,exec-managerial,reading,wife,0,-63900,2015-01-01,Parked Car,,Minor Damage,Police,NY,Springfield,YES,,8700,870,1740,6090,Accura,RSX,2003,N,Medium,Unknown,None,Afternoon,Single Vehicle,No Witness,Standard
267,46,2004-08-09,OH,1546.01,FEMALE,MD,adm-clerical,polo,wife,0,0,2015-01-06,Multi-vehicle Collision,Front Collision,Total Loss,Police,VA,Riverwood,NO,,77100,15420,7710,53970,Volkswagen,Jetta,1996,N,High,None,Major,Early Morning,Multi-Vehicle,Single Witness,Basic
463,57,1991-07-20,IL,1063.67,MALE,Masters,priv-house-serv,dancing,wife,0,0,2015-02-03,Single Vehicle Collision,Front Collision,Minor Damage,Police,NY,Springfield,NO,YES,59400,6600,6600,46200,Dodge,Neon,1995,N,Low,None,Major,Afternoon,Single Vehicle,No Witness,Standard
303,46,2005-01-14,IN,709.14,MALE,Masters,machine-op-inspct,kayaking,husband,0,0,2015-02-12,Multi-vehicle Collision,Rear Collision,Minor Damage,Fire,NY,Northbrook,NO,NO,54890,9980,4990,39920,Toyota,Corolla,2006,N,Medium,None,Minor,Early Morning,Multi-Vehicle,No Witness,Basic
137,30,2011-12-16,IL,1039.55,MALE,MD,exec-managerial,kayaking,unmarried,55600,-59700,2015-02-16,Multi-vehicle Collision,Front Collision,Minor Damage,Other,WV,Columbus,,,74030,6730,13460,53840,Chevrolet,Tahoe,2005,N,Low,None,Major,Early Morning,Multi-Vehicle,Single Witness,Standard
56,42,1996-07-07,IL,1339.39,FEMALE,Associate,adm-clerical,chess,not-in-family,0,0,2015-02-25,Single Vehicle Collision,Rear Collision,Total Loss,Other,NY,Columbus,,YES,61490,11180,11180,39130,BMW,X5,1998,N,Low,None,Minor,Afternoon,Single Vehicle,Multiple Witnesses,Standard
75,27,1992-08-05,IN,1202.75,MALE,High School,handlers-cleaners,board-games,not-in-family,57900,-90100,2015-01-21,Multi-vehicle Collision,Front Collision,Minor Damage,Police,SC,Northbrook,NO,YES,79560,6630,13260,59670,Volkswagen,Passat,2003,N,Medium,None,None,Evening,Multi-Vehicle,Multiple Witnesses,Standard
131,33,1990-10-09,IL,1081.17,MALE,MD,sales,yachting,wife,0,-65200,2015-01-28,Parked Car,,Minor Damage,Police,NY,Northbend,,NO,4900,490,490,3920,Toyota,Camry,2010,N,High,None,None,Early Morning,Single Vehicle,Single Witness,Basic
153,34,1994-02-27,IL,991.39,MALE,High School,tech-support,paintball,other-relative,45600,-61400,2015-02-27,Multi-vehicle Collision,Side Collision,Total Loss,Other,WV,Springfield,,NO,77770,14140,14140,49490,Nissan,Pathfinder,2000,N,Low,None,Minor,Early Morning,Multi-Vehicle,No Witness,Standard
255,43,2007-05-06,IN,984.02,FEMALE,JD,transport-moving,board-games,unmarried,75800,0,2015-02-10,Multi-vehicle Collision,Side Collision,Major Damage,Fire,SC,Columbus,,,74700,7470,14940,52290,Nissan,Maxima,2007,Y,Low,None,Major,Afternoon,Two Vehicles,Multiple Witnesses,Premium
103,26,2014-04-21,IL,1354.83,MALE,MD,tech-support,sleeping,husband,66300,0,2015-01-18,Multi-vehicle Collision,Front Collision,Minor Damage,Police,NY,Arlington,NO,,40600,4060,4060,32480,Volkswagen,Passat,2010,N,Low,None,Major,Afternoon,Two Vehicles,Multiple Witnesses,Basic
97,28,2010-02-11,OH,830.31,MALE,JD,farming-fishing,video-games,husband,0,-32600,2015-01-13,Single Vehicle Collision,Rear Collision,Total Loss,Ambulance,SC,Springfield,,,45270,10060,10060,25150,Jeep,Wrangler,2006,N,Medium,None,Minor,Evening,Single Vehicle,No Witness,Basic
214,36,2000-06-04,IL,987.42,FEMALE,Associate,machine-op-inspct,kayaking,own-child,0,0,2015-01-31,Multi-vehicle Collision,Front Collision,Minor Damage,Ambulance,NY,Springfield,NO,,47080,4280,8560,34240,Saab,93,2006,N,High,Unknown,None,Afternoon,Multi-Vehicle,Multiple Witnesses,Basic
438,57,1991-10-05,OH,1119.29,FEMALE,MD,machine-op-inspct,chess,husband,0,0,2015-01-15,Single Vehicle Collision,Side Collision,Minor Damage,Police,SC,Hillsdale,,NO,40700,4070,4070,32560,Volkswagen,Passat,2000,Y,Low,None,None,Afternoon,Single Vehicle,No Witness,Premium
87,27,2004-01-03,OH,1048.39,FEMALE,Masters,transport-moving,polo,own-child,0,0,2015-02-13,Single Vehicle Collision,Side Collision,Minor Damage,Police,NY,Riverwood,,YES,34650,6300,3150,25200,Ford,F150,1996,N,Low,None,Major,Early Morning,Single Vehicle,Single Witness,Basic
27,28,1992-07-23,OH,1074.47,MALE,MD,protective-serv,camping,wife,0,0,2015-02-13,Parked Car,,Trivial Damage,Police,WV,Riverwood,,,3200,400,400,2400,Jeep,Grand Cherokee,2012,N,Medium,None,Major,Early Morning,Single Vehicle,No Witness,Premium
206,42,1993-10-10,IL,1230.76,MALE,High School,machine-op-inspct,yachting,unmarried,0,-74200,2015-01-03,Single Vehicle Collision,Rear Collision,Major Damage,Fire,VA,Hillsdale,,NO,78980,7180,14360,57440,Saab,92x,1997,Y,Medium,None,Minor,Early Morning,Single Vehicle,Single Witness,Premium
127,31,2002-07-09,OH,1255.02,MALE,Associate,sales,reading,not-in-family,58200,0,2015-01-13,Parked Car,,Minor Damage,,SC,Riverwood,YES,NO,6160,560,1120,4480,Nissan,Ultima,1996,N,Low,None,Minor,Morning,Single Vehicle,No Witness,Premium
422,60,2010-11-14,IN,1555.52,FEMALE,MD,machine-op-inspct,hiking,own-child,43600,-67800,2015-02-14,Single Vehicle Collision,Front Collision,Major Damage,Ambulance,NC,Northbrook,YES,NO,85250,15500,7750,62000,Mercedes,E400,1999,N,Medium,None,Minor,Morning,Single Vehicle,Single Witness,Basic
303,50,1997-03-03,IL,836.11,MALE,Masters,sales,camping,not-in-family,0,0,2015-01-20,Multi-vehicle Collision,Side Collision,Major Damage,Fire,SC,Springfield,YES,NO,72840,12140,6070,54630,Dodge,Neon,2010,N,High,Unknown,Minor,Early Morning,Multi-Vehicle,Multiple Witnesses,Basic
228,40,1997-03-01,IN,1450.98,MALE,Associate,exec-managerial,base-jumping,husband,43700,0,2015-01-18,Parked Car,,Trivial Damage,Police,WV,Northbend,,NO,6050,1100,1100,3850,Toyota,Camry,2010,N,Low,None,None,Evening,Single Vehicle,Multiple Witnesses,Basic
239,39,1990-08-18,IN,625.08,FEMALE,JD,protective-serv,hiking,wife,44200,-37000,2015-01-03,Single Vehicle Collision,Front Collision,Major Damage,Fire,SC,Riverwood,NO,YES,87890,15980,7990,63920,BMW,X6,2014,Y,High,None,Major,Morning,Single Vehicle,Multiple Witnesses,Standard
330,47,2014-05-28,IL,1133.27,FEMALE,High School,craft-repair,chess,wife,0,-56400,2015-03-01,Multi-vehicle Collision,Side Collision,Total Loss,Other,NY,Northbrook,,YES,60500,11000,5500,44000,Ford,F150,1999,Y,High,None,None,Evening,Two Vehicles,Multiple Witnesses,Basic
128,35,2004-07-22,IN,1366.6,FEMALE,MD,machine-op-inspct,kayaking,other-relative,0,0,2015-01-01,Multi-vehicle Collision,Front Collision,Minor Damage,Fire,NY,Columbus,,NO,88220,16040,16040,56140,Chevrolet,Malibu,2008,N,Low,None,Major,Morning,Multi-Vehicle,Single Witness,Premium
147,37,2009-08-02,OH,1439.9,FEMALE,Associate,prof-specialty,video-games,husband,0,-48400,2015-01-29,Multi-vehicle Collision,Rear Collision,Total Loss,Other,SC,Springfield,NO,NO,53680,9760,4880,39040,Accura,MDX,2004,N,Medium,Unknown,Minor,Early Morning,Two Vehicles,Multiple Witnesses,Premium
287,45,2007-07-05,OH,1230.69,MALE,Masters,transport-moving,golf,not-in-family,0,-54600,2015-01-10,Single Vehicle Collision,Front Collision,Minor Damage,Fire,VA,Springfield,NO,NO,53800,5380,5380,43040,Accura,MDX,2006,N,Medium,None,None,Evening,Single Vehicle,Multiple Witnesses,Premium
142,29,2010-01-24,OH,1307.68,FEMALE,MD,craft-repair,dancing,husband,0,-48500,2015-01-29,Single Vehicle Collision,Rear Collision,Major Damage,Police,NY,Columbus,YES,NO,54360,4530,9060,40770,Mercedes,E400,1995,Y,High,None,Minor,Morning,Single Vehicle,Multiple Witnesses,Basic
162,35,2000-05-15,IL,1124.69,FEMALE,Masters,handlers-cleaners,bungie-jumping,husband,0,0,2015-02-20,Single Vehicle Collision,Side Collision,Major Damage,Police,WV,Arlington,YES,YES,54340,9880,4940,39520,Toyota,Camry,2001,N,High,None,None,Afternoon,Single Vehicle,Multiple Witnesses,Premium
140,35,2008-03-21,OH,1520.78,FEMALE,High School,craft-repair,chess,wife,0,-42900,2015-01-21,Parked Car,,Trivial Damage,,SC,Columbus,,YES,2860,520,260,2080,Chevrolet,Tahoe,1997,Y,Medium,None,None,Early Morning,Single Vehicle,Multiple Witnesses,Basic
106,28,1990-05-07,OH,1609.11,MALE,High School,craft-repair,polo,own-child,0,0,2015-01-18,Vehicle Theft,,Minor Damage,Police,WV,Hillsdale,YES,YES,5490,0,1220,4270,Saab,95,1999,N,High,None,Major,Morning,Single Vehicle,Single Witness,Basic
292,45,1991-02-05,IL,1358.91,MALE,Masters,craft-repair,dancing,unmarried,0,0,2015-01-09,Vehicle Theft,,Trivial Damage,Police,WV,Northbend,NO,,7370,670,1340,5360,Suburu,Impreza,1997,N,Medium,None,None,Early Morning,Single Vehicle,Multiple Witnesses,Premium
34,34,1992-03-19,OH,1295.87,FEMALE,PhD,priv-house-serv,chess,husband,0,0,2015-01-13,Multi-vehicle Collision,Side Collision,Major Damage,Ambulance,NC,Columbus,,NO,50800,5080,5080,40640,Audi,A3,1997,Y,Low,None,Minor,Early Morning,Multi-Vehicle,No Witness,Premium
290,48,2013-04-24,IL,1161.03,MALE,Associate,adm-clerical,video-games,not-in-family,45300,0,2015-02-13,Multi-vehicle Collision,Side Collision,Minor Damage,Fire,VA,Northbrook,,,41520,5190,5190,31140,Nissan,Ultima,2014,N,Low,Unknown,Minor,Evening,Two Vehicles,Single Witness,Standard
182,38,2009-04-10,OH,1441.06,FEMALE,Masters,armed-forces,movies,husband,53800,-78300,2015-01-08,Single Vehicle Collision,Side Collision,Total Loss,Police,NY,Riverwood,,YES,89650,8150,16300,65200,Dodge,RAM,2005,N,High,None,Major,Evening,Single Vehicle,Multiple Witnesses,Premium
362,55,2008-12-01,OH,1097.99,FEMALE,JD,other-service,base-jumping,unmarried,44400,-71500,2015-02-17,Multi-vehicle Collision,Rear Collision,Total Loss,Police,NY,Hillsdale,NO,NO,39690,0,0,39690,Suburu,Legacy,1998,N,Medium,None,None,Early Morning,Multi-Vehicle,Multiple Witnesses,Basic
143,32,2000-07-05,IL,1464.42,FEMALE,High School,exec-managerial,golf,husband,79900,0,2015-01-15,Single Vehicle Collision,Rear Collision,Major Damage,Ambulance,SC,Springfield,,NO,62260,5660,5660,50940,Saab,92x,1995,N,Medium,None,Major,Early Morning,Single Vehicle,No Witness,Premium
183,38,2014-06-11,IL,1543.68,FEMALE,Masters,prof-specialty,paintball,not-in-family,20200,0,2015-01-24,Single Vehicle Collision,Side Collision,Major Damage,Police,NC,Hillsdale,NO,YES,51920,9440,4720,37760,Audi,A3,2001,Y,Low,None,None,Afternoon,Single Vehicle,Single Witness,Standard
254,40,1995-04-23,IL,1390.89,MALE,College,armed-forces,bungie-jumping,wife,0,-74400,2015-02-28,Single Vehicle Collision,Front Collision,Minor Damage,Other,NY,Riverwood,,,53460,9720,4860,38880,Volkswagen,Jetta,2009,N,Low,Unknown,Major,Evening,Single Vehicle,Multiple Witnesses,Standard
249,43,1990-09-16,OH,1148.58,FEMALE,MD,adm-clerical,golf,not-in-family,0,-71200,2015-02-16,Multi-vehicle Collision,Rear Collision,Total Loss,Fire,SC,Arlington,YES,YES,57100,5710,5710,45680,Honda,CRV,2014,N,High,None,Major,Early Morning,Multi-Vehicle,Single Witness,Basic
169,36,1998-12-11,IN,1616.26,MALE,High School,exec-managerial,yachting,unmarried,50700,-57600,2015-02-09,Multi-vehicle Collision,Front Collision,Total Loss,Ambulance,NY,Springfield,NO,,77440,14080,7040,56320,Dodge,Neon,2004,N,Low,None,Major,Early Morning,Multi-Vehicle,Multiple Witnesses,Standard
235,40,1995-10-09,IL,1398.94,MALE,College,craft-repair,bungie-jumping,husband,0,0,2015-01-24,Single Vehicle Collision,Side Collision,Minor Damage,Ambulance,NY,Riverwood,NO,NO,68300,6830,13660,47810,Suburu,Forrestor,2003,N,Low,None,Minor,Morning,Single Vehicle,Multiple Witnesses,Premium
112,32,1999-12-21,OH,1238.92,MALE,Associate,other-service,base-jumping,other-relative,57800,-53700,2015-02-11,Parked Car,,Trivial Damage,,NY,Arlington,,,5060,460,920,3680,Honda,CRV,2012,N,Medium,None,None,Early Morning,Single Vehicle,Multiple Witnesses,Premium
16,32,2002-07-28,IL,968.46,MALE,MD,tech-support,chess,not-in-family,50800,-66200,2015-01-27,Multi-vehicle Collision,Side Collision,Total Loss,Ambulance,WV,Columbus,,,59400,6600,13200,39600,Dodge,RAM,1995,Y,Medium,None,None,Early Morning,Multi-Vehicle,Multiple Witnesses,Basic
128,31,1993-08-03,IL,1045.12,FEMALE,High School,transport-moving,cross-fit,other-relative,0,-28300,2015-01-19,Multi-vehicle Collision,Side Collision,Major Damage,Ambulance,NY,Springfield,NO,,69930,0,15540,54390,Ford,Escape,2013,Y,Low,None,None,Early Morning,Multi-Vehicle,Multiple Witnesses,Basic
103,27,2007-12-16,IN,1537.33,FEMALE,College,handlers-cleaners,board-games,husband,0,-74800,2015-02-20,Multi-vehicle Collision,Front Collision,Minor Damage,Police,NY,Springfield,YES,NO,77700,7770,15540,54390,Jeep,Wrangler,2008,N,Medium,None,Minor,Morning,Multi-Vehicle,Single Witness,Basic
356,54,2008-02-10,OH,912.3,MALE,College,prof-specialty,yachting,wife,58500,-44000,2015-01-10,Multi-vehicle Collision,Front Collision,Major Damage,Other,SC,Northbend,NO,,68750,12500,12500,43750,Audi,A5,2007,Y,Low,None,Major,Evening,Multi-Vehicle,Single Witness,Premium
109,29,2006-10-01,OH,1007.28,FEMALE,High School,adm-clerical,movies,husband,0,0,2015-02-21,Multi-vehicle Collision,Side Collision,Minor Damage,Police,NY,Riverwood,NO,YES,91080,16560,16560,57960,Jeep,Wrangler,1995,N,High,Unknown,Minor,Afternoon,Multi-Vehicle,Multiple Witnesses,Basic
2,20,2003-03-09,IN,1189.98,FEMALE,High School,craft-repair,golf,other-relative,0,-54700,2015-02-01,Single Vehicle Collision,Side Collision,Minor Damage,Other,WV,Columbus,NO,YES,48360,4030,8060,36270,Audi,A5,2000,N,Medium,Unknown,Minor,Evening,Single Vehicle,Multiple Witnesses,Premium
198,34,2003-05-29,OH,1576.41,MALE,Associate,handlers-cleaners,kayaking,other-relative,0,-55100,2015-02-25,Single Vehicle Collision,Side Collision,Major Damage,Other,WV,Hillsdale,YES,YES,95000,9500,9500,76000,Ford,F150,2001,N,Medium,None,Minor,Evening,Single Vehicle,Single Witness,Standard
107,32,2002-05-06,OH,1172.82,MALE,Associate,machine-op-inspct,yachting,other-relative,82100,0,2015-02-24,Vehicle Theft,,Trivial Damage,Police,SC,Arlington,,NO,3900,780,390,2730,Ford,F150,2010,N,Low,Unknown,Minor,Morning,Single Vehicle,Multiple Witnesses,Basic
252,39,2004-02-28,IL,1312.22,MALE,High School,transport-moving,cross-fit,other-relative,0,-33300,2015-02-21,Multi-vehicle Collision,Front Collision,Minor Damage,Other,NC,Riverwood,,NO,59400,11880,5940,41580,Jeep,Grand Cherokee,2010,Y,Low,Unknown,None,Afternoon,Multi-Vehicle,Multiple Witnesses,Premium
303,43,1999-01-14,OH,671.01,FEMALE,Associate,machine-op-inspct,camping,other-relative,42900,-61500,2015-01-08,Single Vehicle Collision,Rear Collision,Minor Damage,Fire,NC,Springfield,,,60210,6690,6690,46830,Nissan,Maxima,2013,N,Medium,Unknown,Major,Evening,Single Vehicle,No Witness,Premium
101,32,2002-01-23,IL,895.14,MALE,JD,sales,video-games,other-relative,52600,-30400,2015-01-10,Single Vehicle Collision,Front Collision,Minor Damage,Ambulance,SC,Columbus,,YES,43600,8720,4360,30520,Suburu,Legacy,2010,N,Low,None,None,Early Morning,Single Vehicle,Multiple Witnesses,Standard
446,57,1992-12-09,IN,1373.21,MALE,College,adm-clerical,sleeping,unmarried,42700,-64900,2015-02-14,Multi-vehicle Collision,Front Collision,Total Loss,Police,SC,Northbrook,NO,NO,62800,6280,12560,43960,Jeep,Wrangler,2012,N,High,None,None,Morning,Multi-Vehicle,No Witness,Basic
330,48,1998-06-24,OH,1625.65,MALE,College,farming-fishing,skydiving,husband,0,0,2015-02-26,Single Vehicle Collision,Side Collision,Major Damage,Ambulance,VA,Springfield,YES,,59500,11900,5950,41650,Dodge,Neon,2006,N,Medium,None,Minor,Morning,Single Vehicle,Multiple Witnesses,Standard
211,37,2011-01-06,OH,1295.63,FEMALE,PhD,armed-forces,skydiving,not-in-family,42200,-33800,2015-01-30,Multi-vehicle Collision,Front Collision,Total Loss,Police,WV,Northbend,YES,,53460,5940,5940,41580,Honda,CRV,2009,N,High,Unknown,Minor,Evening,Multi-Vehicle,No Witness,Standard
172,33,2012-02-24,IL,1459.96,FEMALE,High School,adm-clerical,reading,wife,41300,-42000,2015-01-07,Multi-vehicle Collision,Side Collision,Total Loss,Ambulance,NY,Northbend,NO,NO,41690,7580,7580,26530,Saab,95,1999,N,Medium,Unknown,None,Afternoon,Multi-Vehicle,Single Witness,Basic
316,46,2011-06-25,OH,1219.94,FEMALE,Masters,prof-specialty,paintball,wife,0,-51000,2015-02-27,Single Vehicle Collision,Side Collision,Minor Damage,Ambulance,NY,Arlington,,YES,63100,6310,12620,44170,Accura,TL,2000,N,Low,Unknown,None,Afternoon,Single Vehicle,Single Witness,Basic
435,60,2006-11-21,OH,1064.49,MALE,Associate,priv-house-serv,chess,other-relative,73500,-43300,2015-02-13,Single Vehicle Collision,Front Collision,Total Loss,Ambulance,WV,Arlington,NO,,62880,5240,10480,47160,Mercedes,E400,2007,Y,Low,Unknown,Major,Evening,Single Vehicle,Single Witness,Premium
344,51,2008-06-27,IL,959.83,FEMALE,Masters,sales,paintball,not-in-family,0,-38700,2015-02-02,Multi-vehicle Collision,Side Collision,Major Damage,Fire,NY,Northbend,,YES,75400,17400,11600,46400,BMW,X6,2006,Y,Medium,None,Major,Evening,Multi-Vehicle,Multiple Witnesses,Basic
204,40,1993-08-30,OH,1767.02,MALE,JD,machine-op-inspct,hiking,husband,0,-49300,2015-02-27,Single Vehicle Collision,Rear Collision,Total Loss,Ambulance,SC,Arlington,YES,NO,46200,4200,8400,33600,Audi,A5,1997,N,High,None,Minor,Morning,Single Vehicle,Single Witness,Standard
278,47,2008-04-21,IN,1285.01,MALE,Masters,machine-op-inspct,sleeping,not-in-family,0,-39800,2015-02-02,Single Vehicle Collision,Rear Collision,Major Damage,Ambulance,VA,Hillsdale,NO,YES,58500,5850,5850,46800,Toyota,Camry,2010,N,Low,None,Major,Evening,Single Vehicle,Multiple Witnesses,Premium
434,57,2000-06-23,OH,1422.95,MALE,JD,transport-moving,bungie-jumping,husband,0,0,2015-01-17,Multi-vehicle Collision,Rear Collision,Major Damage,Other,SC,Columbus,NO,NO,66240,11040,11040,44160,Nissan,Maxima,2003,N,High,None,Minor,Afternoon,Multi-Vehicle,Multiple Witnesses,Premium
209,36,2010-01-11,IN,1223.39,FEMALE,MD,craft-repair,camping,wife,0,0,2015-01-12,Multi-vehicle Collision,Rear Collision,Total Loss,Ambulance,PA,Hillsdale,,,65440,8180,8180,49080,Jeep,Wrangler,2014,N,High,None,Minor,Afternoon,Multi-Vehicle,Multiple Witnesses,Basic
250,43,1990-03-28,IL,1539.06,MALE,Masters,sales,exercise,other-relative,37800,0,2015-01-20,Single Vehicle Collision,Front Collision,Minor Damage,Fire,SC,Hillsdale,NO,,64200,10700,10700,42800,Ford,F150,2002,N,High,None,None,Early Morning,Single Vehicle,Multiple Witnesses,Premium
61,25,1998-01-29,IN,988.06,FEMALE,Masters,other-service,dancing,not-in-family,0,0,2015-02-05,Multi-vehicle Collision,Rear Collision,Minor Damage,Ambulance,WV,Northbend,YES,NO,32320,4040,4040,24240,Dodge,RAM,2000,N,High,None,Minor,Early Morning,Multi-Vehicle,No Witness,Basic
80,28,2014-12-05,IL,1740.57,FEMALE,College,farming-fishing,golf,wife,0,-18600,2015-01-20,Single Vehicle Collision,Rear Collision,Major Damage,Police,SC,Northbend,,,33480,3720,3720,26040,Dodge,Neon,2011,N,Medium,None,None,Early Morning,Single Vehicle,Single Witness,Premium
25,38,1995-12-07,OH,1540.91,MALE,College,adm-clerical,polo,wife,40900,0,2015-02-24,Vehicle Theft,,Trivial Damage,,VA,Northbend,NO,YES,4320,480,960,2880,Toyota,Corolla,1995,N,Medium,Unknown,Minor,Early Morning,Single Vehicle,Single Witness,Standard
4,29,2002-05-27,IL,1381.88,MALE,High School,tech-support,exercise,other-relative,0,-77800,2015-02-21,Vehicle Theft,,Trivial Damage,Police,SC,Hillsdale,NO,,4200,840,420,2940,Jeep,Wrangler,2008,N,Low,Unknown,None,Early Morning,Single Vehicle,Multiple Witnesses,Standard
32,29,2002-08-09,OH,1446.98,MALE,MD,adm-clerical,sleeping,own-child,0,-45700,2015-02-11,Multi-vehicle Collision,Front Collision,Minor Damage,Ambulance,NY,Arlington,YES,NO,57970,10540,5270,42160,Saab,93,2006,N,Low,None,Major,Morning,Multi-Vehicle,No Witness,Basic
125,31,2012-12-02,IN,1220.86,MALE,JD,other-service,paintball,husband,55400,-40400,2015-01-24,Parked Car,,Trivial Damage,,NY,Arlington,YES,,4320,0,960,3360,Saab,93,2003,N,Low,None,Minor,Early Morning,Single Vehicle,Multiple Witnesses,Premium
276,45,2000-03-22,IL,948.1,FEMALE,High School,machine-op-inspct,reading,wife,44500,-61400,2015-01-06,Multi-vehicle Collision,Front Collision,Minor Damage,Fire,SC,Columbus,,,69300,13860,6930,48510,Ford,Escape,2010,N,Low,None,None,Morning,Multi-Vehicle,Multiple Witnesses,Premium
148,30,2002-04-13,OH,1471.24,FEMALE,Masters,farming-fishing,camping,own-child,57500,-93600,2015-01-15,Multi-vehicle Collision,Side Collision,Minor Damage,Police,NC,Riverwood,NO,NO,32480,4060,4060,24360,Dodge,Neon,1997,N,Low,None,Major,Early Morning,Multi-Vehicle,Multiple Witnesses,Basic
222,38,2008-06-17,IN,1157.97,MALE,MD,machine-op-inspct,hiking,not-in-family,0,-64500,2015-02-22,Single Vehicle Collision,Front Collision,Total Loss,Police,NY,Hillsdale,,YES,60480,6720,6720,47040,Accura,TL,2001,N,High,None,Major,Evening,Single Vehicle,Multiple Witnesses,Basic
32,38,1994-04-07,IL,566.11,MALE,Associate,armed-forces,polo,unmarried,0,0,2015-01-21,Parked Car,,Trivial Damage,Police,NC,Springfield,YES,NO,2640,440,440,1760,Honda,CRV,2015,N,High,Unknown,None,Evening,Single Vehicle,No Witness,Standard
78,27,1992-02-29,OH,1060.88,MALE,JD,other-service,skydiving,other-relative,0,-66500,2015-02-03,Parked Car,,Trivial Damage,Police,SC,Northbend,NO,NO,6050,550,1100,4400,Volkswagen,Passat,2009,N,Low,None,None,Early Morning,Single Vehicle,Multiple Witnesses,Premium
238,43,1996-05-11,OH,1524.45,MALE,High School,handlers-cleaners,chess,wife,0,-44800,2015-02-16,Multi-vehicle Collision,Rear Collision,Total Loss,Ambulance,NC,Hillsdale,NO,NO,42700,4270,4270,34160,Saab,92x,1995,Y,Medium,Unknown,None,Evening,Multi-Vehicle,No Witness,Standard
313,47,2013-04-03,IN,1556.17,MALE,College,prof-specialty,reading,wife,63900,-53300,2015-02-07,Single Vehicle Collision,Front Collision,Major Damage,Ambulance,SC,Hillsdale,YES,NO,40260,3660,7320,29280,Accura,MDX,1996,Y,Medium,None,Minor,Evening,Single Vehicle,Multiple Witnesses,Standard
334,50,2009-11-12,OH,1216.24,MALE,Masters,priv-house-serv,polo,wife,26700,-47200,2015-01-14,Single Vehicle Collision,Rear Collision,Major Damage,Fire,NY,Columbus,NO,,50000,5000,10000,35000,Chevrolet,Silverado,2008,N,Low,None,Major,Morning,Single Vehicle,No Witness,Premium
190,35,2008-11-05,IN,1484.72,FEMALE,High School,tech-support,golf,husband,0,0,2015-02-02,Parked Car,,Trivial Damage,,NY,Riverwood,NO,NO,3840,640,320,2880,Saab,92x,1998,N,Low,Unknown,None,Early Morning,Single Vehicle,Single Witness,Standard
194,41,1993-02-15,IL,1203.81,MALE,JD,transport-moving,video-games,not-in-family,52500,-51300,2015-02-06,Multi-vehicle Collision,Rear Collision,Minor Damage,Police,WV,Springfield,,,95900,13700,20550,61650,Saab,95,1999,N,Low,None,None,Afternoon,Multi-Vehicle,Multiple Witnesses,Standard
290,47,2008-07-21,IN,1393.34,MALE,High School,exec-managerial,bungie-jumping,other-relative,0,-61400,2015-01-15,Multi-vehicle Collision,Side Collision,Minor Damage,Ambulance,WV,Northbend,YES,YES,56160,6240,12480,37440,Audi,A5,2002,N,Medium,None,Minor,Evening,Multi-Vehicle,Multiple Witnesses,Standard
26,42,2010-09-11,OH,1484.48,MALE,PhD,armed-forces,sleeping,not-in-family,50700,-36300,2015-02-24,Single Vehicle Collision,Side Collision,Major Damage,Police,SC,Riverwood,NO,,63030,5730,11460,45840,Saab,92x,1996,N,Medium,None,Major,Morning,Single Vehicle,Multiple Witnesses,Basic
254,41,1995-12-22,IL,1581.27,FEMALE,PhD,handlers-cleaners,skydiving,own-child,42200,-48000,2015-01-07,Single Vehicle Collision,Front Collision,Minor Damage,Police,NY,Riverwood,YES,NO,63470,5770,11540,46160,BMW,X6,1999,N,Low,Unknown,Major,Morning,Single Vehicle,Multiple Witnesses,Standard
199,38,1991-09-26,IL,1281.25,FEMALE,High School,tech-support,movies,other-relative,0,-53100,2015-02-04,Single Vehicle Collision,Front Collision,Major Damage,Police,WV,Columbus,,NO,44440,8080,4040,32320,BMW,X6,2007,Y,Medium,None,None,Morning,Single Vehicle,Multiple Witnesses,Standard
137,35,2010-03-11,IN,1667.83,MALE,JD,prof-specialty,paintball,husband,48500,-67400,2015-02-04,Parked Car,,Minor Damage,Police,WV,Northbrook,YES,NO,6600,1200,1200,4200,Jeep,Grand Cherokee,2005,N,Low,None,Minor,Early Morning,Single Vehicle,Single Witness,Standard
134,36,1990-07-15,OH,1497.41,MALE,PhD,machine-op-inspct,kayaking,husband,14100,-44500,2015-01-25,Multi-vehicle Collision,Side Collision,Minor Damage,Ambulance,WV,Northbrook,NO,YES,77200,9650,9650,57900,Ford,Escape,1996,N,Medium,None,Major,Afternoon,Multi-Vehicle,No Witness,Standard
73,30,2009-05-10,OH,803.36,FEMALE,High School,protective-serv,reading,husband,0,0,2015-02-25,Multi-vehicle Collision,Rear Collision,Total Loss,Other,WV,Springfield,,YES,57000,0,11400,45600,Audi,A3,2013,N,Low,None,None,Afternoon,Multi-Vehicle,No Witness,Basic
289,45,1999-10-28,OH,1221.41,FEMALE,Masters,farming-fishing,movies,wife,46700,-72500,2015-02-27,Vehicle Theft,,Trivial Damage,Police,WV,Riverwood,NO,NO,2700,300,300,2100,Honda,Accord,2006,N,High,None,Major,Morning,Single Vehicle,Single Witness,Standard
176,36,1995-03-30,OH,1865.83,MALE,College,transport-moving,kayaking,unmarried,32800,-50600,2015-02-11,Single Vehicle Collision,Rear Collision,Total Loss,Police,WV,Hillsdale,,YES,47300,4300,8600,34400,Volkswagen,Jetta,2006,N,Low,Unknown,Major,Afternoon,Single Vehicle,Single Witness,Standard
145,37,1991-12-14,OH,1434.27,FEMALE,Associate,tech-support,sleeping,unmarried,0,-35900,2015-01-04,Single Vehicle Collision,Rear Collision,Major Damage,Other,VA,Arlington,,,55110,5010,10020,40080,Nissan,Maxima,2002,N,High,None,Major,Afternoon,Single Vehicle,Multiple Witnesses,Standard
164,31,2011-01-31,IN,1114.68,FEMALE,Associate,other-service,reading,husband,44500,-55900,2015-01-26,Vehicle Theft,,Trivial Damage,Police,SC,Springfield,YES,NO,4320,480,480,3360,Mercedes,E400,2002,N,Low,None,Minor,Early Morning,Single Vehicle,No Witness,Premium
186,38,2006-04-21,OH,1218.56,FEMALE,Masters,transport-moving,video-games,husband,39300,-60300,2015-03-01,Multi-vehicle Collision,Front Collision,Total Loss,Police,VA,Arlington,YES,,68760,11460,5730,51570,Saab,95,1998,Y,High,None,Major,Evening,Multi-Vehicle,Multiple Witnesses,Standard
85,31,2004-03-10,IL,1234.69,FEMALE,MD,tech-support,paintball,husband,0,0,2015-02-06,Multi-vehicle Collision,Front Collision,Major Damage,Other,WV,Arlington,NO,,74400,14880,7440,52080,BMW,M5,2003,Y,High,Unknown,Major,Early Morning,Two Vehicles,Single Witness,Standard
162,33,1991-01-05,OH,964.92,FEMALE,Associate,exec-managerial,base-jumping,other-relative,45700,0,2015-02-09,Multi-vehicle Collision,Rear Collision,Major Damage,Fire,NY,Hillsdale,NO,NO,35300,3530,3530,28240,Mercedes,E400,1996,Y,Low,None,Major,Afternoon,Multi-Vehicle,Single Witness,Standard
396,57,1996-10-15,IL,1351.72,MALE,High School,tech-support,camping,wife,0,-49400,2015-02-05,Parked Car,,Minor Damage,,NY,Springfield,YES,,2640,480,480,1680,Volkswagen,Passat,2000,N,Low,None,Minor,Early Morning,Single Vehicle,Multiple Witnesses,Premium
270,41,1994-06-21,IL,817.28,MALE,High School,sales,cross-fit,unmarried,62200,0,2015-01-03,Multi-vehicle Collision,Rear Collision,Total Loss,Ambulance,SC,Columbus,,NO,60190,4630,9260,46300,Mercedes,ML350,2014,Y,Medium,None,Minor,Afternoon,Multi-Vehicle,Single Witness,Standard
168,39,1994-06-13,IL,1389.59,FEMALE,Masters,machine-op-inspct,exercise,own-child,0,-42600,2015-02-24,Multi-vehicle Collision,Rear Collision,Major Damage,Fire,NY,Northbend,YES,NO,41580,3780,7560,30240,Chevrolet,Malibu,2015,Y,Medium,None,Minor,Evening,Multi-Vehicle,Multiple Witnesses,Premium
274,45,2003-05-27,IN,1353.53,FEMALE,JD,tech-support,cross-fit,unmarried,54700,-47900,2015-01-14,Single Vehicle Collision,Side Collision,Minor Damage,Ambulance,NY,Columbus,YES,NO,58500,11700,0,46800,Accura,MDX,1995,Y,Medium,None,None,Afternoon,Single Vehicle,No Witness,Standard
263,43,1996-07-06,IN,1294.04,FEMALE,Masters,handlers-cleaners,movies,not-in-family,0,0,2015-01-08,Single Vehicle Collision,Rear Collision,Minor Damage,Fire,SC,Riverwood,YES,YES,79320,13220,6610,59490,Nissan,Ultima,1997,N,Medium,None,Major,Afternoon,Single Vehicle,Multiple Witnesses,Premium
152,33,2005-05-08,OH,840.81,FEMALE,High School,farming-fishing,chess,husband,0,0,2015-02-14,Single Vehicle Collision,Rear Collision,Minor Damage,Ambulance,NY,Arlington,YES,,82610,7510,7510,67590,Ford,Escape,2002,Y,Medium,None,None,Early Morning,Single Vehicle,Multiple Witnesses,Basic
46,41,2010-11-02,OH,998.19,FEMALE,MD,priv-house-serv,video-games,husband,43700,-66300,2015-01-23,Multi-vehicle Collision,Rear Collision,Total Loss,Ambulance,SC,Hillsdale,NO,,78600,13100,19650,45850,Dodge,RAM,2004,Y,High,None,Minor,Evening,Multi-Vehicle,Multiple Witnesses,Basic
276,46,2012-07-29,OH,1090.32,MALE,College,handlers-cleaners,chess,husband,0,-70400,2015-01-05,Single Vehicle Collision,Front Collision,Minor Damage,Ambulance,SC,Columbus,NO,,51390,5710,5710,39970,Volkswagen,Jetta,2007,Y,High,None,Minor,Afternoon,Single Vehicle,Multiple Witnesses,Basic
234,44,2002-06-06,IN,1780.67,MALE,Associate,other-service,exercise,other-relative,0,0,2015-02-19,Single Vehicle Collision,Side Collision,Major Damage,Ambulance,NC,Springfield,NO,NO,70200,7020,7020,56160,Ford,F150,2012,Y,Low,None,Minor,Early Morning,Single Vehicle,No Witness,Premium
64,30,1991-09-19,IL,1681.01,MALE,JD,protective-serv,base-jumping,own-child,0,-51100,2015-02-07,Parked Car,,Minor Damage,,SC,Riverwood,NO,NO,4900,490,1470,2940,Jeep,Wrangler,2015,N,High,None,Major,Afternoon,Single Vehicle,Single Witness,Standard
456,62,2009-06-24,OH,1395.77,FEMALE,MD,protective-serv,chess,own-child,82600,-49500,2015-02-07,Multi-vehicle Collision,Side Collision,Major Damage,Other,PA,Hillsdale,,NO,66480,5540,11080,49860,Saab,92x,2012,Y,Medium,None,Minor,Afternoon,Multi-Vehicle,Multiple Witnesses,Standard
58,23,1992-05-29,OH,1471.44,MALE,High School,transport-moving,reading,own-child,57500,0,2015-01-20,Single Vehicle Collision,Rear Collision,Major Damage,Fire,NC,Riverwood,NO,NO,50380,4580,9160,36640,Chevrolet,Tahoe,2007,Y,High,Unknown,Major,Morning,Single Vehicle,Single Witness,Premium
475,61,2004-08-12,IL,1265.72,FEMALE,Masters,handlers-cleaners,paintball,wife,0,-59500,2015-02-18,Single Vehicle Collision,Front Collision,Major Damage,Fire,SC,Columbus,YES,,64350,9900,9900,44550,Mercedes,E400,1998,N,Low,None,None,Evening,Single Vehicle,Multiple Witnesses,Premium
96,29,2006-12-24,IN,1274.7,MALE,College,prof-specialty,hiking,other-relative,47500,-58700,2015-01-11,Multi-vehicle Collision,Rear Collision,Major Damage,Ambulance,NC,Springfield,YES,YES,55400,5540,11080,38780,Chevrolet,Silverado,2004,Y,Medium,Unknown,Major,Afternoon,Multi-Vehicle,Multiple Witnesses,Standard
99,28,2007-07-24,OH,1330.39,MALE,MD,prof-specialty,basketball,wife,0,0,2015-01-22,Single Vehicle Collision,Front Collision,Total Loss,Other,NY,Columbus,NO,YES,49900,4990,9980,34930,Dodge,Neon,1998,N,Low,None,Major,Early Morning,Single Vehicle,Multiple Witnesses,Basic
38,28,1994-08-17,OH,1122.95,MALE,Masters,priv-house-serv,golf,other-relative,78000,0,2015-02-23,Multi-vehicle Collision,Side Collision,Minor Damage,Ambulance,WV,Northbrook,NO,YES,74880,12480,12480,49920,Accura,TL,2000,N,Low,Unknown,None,Early Morning,Multi-Vehicle,Multiple Witnesses,Premium
259,44,1996-04-10,OH,1655.79,FEMALE,Masters,exec-managerial,exercise,husband,0,0,2015-01-15,Single Vehicle Collision,Front Collision,Minor Damage,Other,NY,Northbend,YES,YES,105820,16280,16280,73260,Audi,A3,2002,N,High,None,None,Morning,Single Vehicle,No Witness,Standard
241,43,1992-12-11,IN,935.77,MALE,Associate,prof-specialty,golf,own-child,0,-36000,2015-02-20,Vehicle Theft,,Trivial Damage,Police,PA,Northbend,NO,YES,7150,1300,650,5200,Volkswagen,Jetta,2003,N,Medium,None,Minor,Evening,Single Vehicle,No Witness,Standard
437,58,2010-08-01,IN,1192.04,MALE,Associate,craft-repair,dancing,own-child,66100,-31400,2015-01-19,Single Vehicle Collision,Front Collision,Total Loss,Ambulance,SC,Northbrook,YES,NO,55800,11160,11160,33480,Dodge,RAM,2004,N,High,None,None,Evening,Single Vehicle,No Witness,Premium
130,34,2009-03-23,OH,990.11,MALE,Masters,sales,kayaking,other-relative,0,-41200,2015-01-10,Parked Car,,Trivial Damage,,NY,Riverwood,,YES,5830,1060,1060,3710,Dodge,RAM,2015,N,Low,None,Minor,Morning,Single Vehicle,Multiple Witnesses,Basic
269,41,1996-07-29,OH,1422.21,FEMALE,Associate,handlers-cleaners,polo,unmarried,0,-46400,2015-01-16,Single Vehicle Collision,Side Collision,Major Damage,Ambulance,WV,Riverwood,YES,NO,85900,17180,17180,51540,Suburu,Forrestor,2005,Y,High,None,Major,Evening,Single Vehicle,Single Witness,Basic
103,29,1994-08-23,OH,914.85,MALE,Associate,prof-specialty,base-jumping,other-relative,72100,0,2015-02-12,Parked Car,,Minor Damage,Police,OH,Columbus,NO,NO,7110,790,1580,4740,Accura,MDX,2005,N,Low,None,Major,Early Morning,Single Vehicle,Multiple Witnesses,Premium
284,43,1992-01-05,IL,1123.84,MALE,PhD,prof-specialty,kayaking,other-relative,48200,0,2015-01-23,Multi-vehicle Collision,Side Collision,Total Loss,Fire,WV,Columbus,NO,YES,36960,6720,3360,26880,Chevrolet,Tahoe,2007,N,Low,None,None,Afternoon,Multi-Vehicle,No Witness,Standard
189,39,1997-09-11,OH,838.02,FEMALE,College,tech-support,movies,own-child,0,0,2015-02-13,Multi-vehicle Collision,Rear Collision,Minor Damage,Police,VA,Northbrook,,YES,64400,6440,6440,51520,Dodge,Neon,1997,N,High,None,Major,Morning,Multi-Vehicle,No Witness,Standard
267,43,2002-02-10,OH,1300.68,MALE,PhD,adm-clerical,sleeping,unmarried,49000,0,2015-01-27,Parked Car,,Minor Damage,,NC,Northbend,NO,YES,1920,480,0,1440,Chevrolet,Tahoe,2011,N,Low,None,Minor,Early Morning,Single Vehicle,Multiple Witnesses,Standard
39,22,1993-01-28,IN,1173.21,MALE,JD,farming-fishing,polo,not-in-family,0,0,2015-02-14,Single Vehicle Collision,Rear Collision,Major Damage,Police,SC,Northbend,YES,YES,86130,15660,7830,62640,Suburu,Legacy,2009,Y,Low,None,None,Afternoon,Single Vehicle,Single Witness,Premium
140,32,1996-10-23,IL,985.97,FEMALE,College,protective-serv,cross-fit,other-relative,0,0,2015-02-01,Single Vehicle Collision,Side Collision,Major Damage,Fire,VA,Northbrook,,,82170,14940,7470,59760,Chevrolet,Silverado,1995,Y,Medium,Unknown,Major,Afternoon,Single Vehicle,Multiple Witnesses,Standard
243,41,1997-04-21,IN,1129.23,FEMALE,College,farming-fishing,camping,own-child,17300,-60400,2015-02-23,Single Vehicle Collision,Front Collision,Major Damage,Fire,WV,Hillsdale,,YES,50300,10060,5030,35210,Suburu,Legacy,1999,Y,Medium,None,Minor,Early Morning,Single Vehicle,No Witness,Basic
116,31,2008-11-09,IN,1194.83,FEMALE,MD,prof-specialty,camping,husband,28600,0,2015-01-20,Single Vehicle Collision,Side Collision,Major Damage,Police,SC,Riverwood,NO,NO,44200,4420,8840,30940,Suburu,Forrestor,1997,N,Low,None,None,Evening,Single Vehicle,No Witness,Standard
219,43,2002-06-20,IN,1114.29,FEMALE,High School,transport-moving,polo,other-relative,51300,0,2015-01-08,Single Vehicle Collision,Side Collision,Major Damage,Ambulance,VA,Northbrook,,YES,66660,6060,6060,54540,Toyota,Highlander,2006,N,Medium,None,Major,Early Morning,Single Vehicle,Multiple Witnesses,Basic
96,26,2005-10-21,OH,1509.04,FEMALE,Associate,prof-specialty,bungie-jumping,husband,10000,0,2015-02-23,Single Vehicle Collision,Front Collision,Total Loss,Ambulance,SC,Riverwood,YES,NO,78320,7120,14240,56960,Saab,92x,2007,N,High,None,Major,Morning,Single Vehicle,Multiple Witnesses,Standard
149,34,2005-08-28,IN,664.86,FEMALE,PhD,craft-repair,skydiving,wife,0,-60000,2015-02-04,Single Vehicle Collision,Rear Collision,Total Loss,Fire,WV,Columbus,,NO,105040,16160,16160,72720,Dodge,RAM,1999,N,Low,None,None,Early Morning,Single Vehicle,Single Witness,Standard
246,43,2013-01-16,IN,1267.4,MALE,JD,adm-clerical,basketball,husband,0,0,2015-02-09,Single Vehicle Collision,Side Collision,Minor Damage,Fire,NY,Hillsdale,NO,,50700,5070,5070,40560,Accura,RSX,2006,N,Medium,Unknown,Major,Early Morning,Single Vehicle,Single Witness,Standard
293,45,1992-04-28,IL,1119.23,FEMALE,MD,exec-managerial,exercise,unmarried,51500,0,2015-02-18,Multi-vehicle Collision,Front Collision,Total Loss,Fire,WV,Northbend,NO,NO,51210,11380,5690,34140,Jeep,Wrangler,2015,N,Medium,None,Minor,Afternoon,Multi-Vehicle,Single Witness,Basic
339,48,2005-10-10,OH,1698.51,MALE,JD,other-service,dancing,unmarried,0,0,2015-02-10,Multi-vehicle Collision,Rear Collision,Total Loss,Fire,SC,Hillsdale,NO,,51840,8640,8640,34560,Volkswagen,Jetta,2001,N,Low,None,Major,Evening,Multi-Vehicle,Single Witness,Basic
160,33,2009-02-08,IL,1422.78,FEMALE,High School,exec-managerial,exercise,husband,61600,0,2015-01-20,Multi-vehicle Collision,Front Collision,Total Loss,Ambulance,NC,Riverwood,,YES,52800,5280,5280,42240,Nissan,Pathfinder,2006,N,Medium,None,Major,Afternoon,Multi-Vehicle,Multiple Witnesses,Premium
224,42,2005-03-06,OH,1212.75,FEMALE,College,prof-specialty,kayaking,own-child,0,-51400,2015-01-27,Single Vehicle Collision,Front Collision,Minor Damage,Fire,WV,Springfield,,YES,55200,9200,13800,32200,Honda,Civic,1998,N,Low,None,None,Morning,Single Vehicle,No Witness,Premium
194,34,1994-05-17,IN,1423.34,MALE,Associate,sales,camping,not-in-family,55300,-37900,2015-01-21,Vehicle Theft,,Minor Damage,,WV,Riverwood,YES,NO,9100,1400,1400,6300,Chevrolet,Malibu,2003,N,Medium,None,None,Early Morning,Single Vehicle,Multiple Witnesses,Basic
385,51,1990-07-20,IN,976.37,FEMALE,MD,craft-repair,reading,husband,0,-61000,2015-02-18,Multi-vehicle Collision,Rear Collision,Minor Damage,Other,WV,Riverwood,,,67600,13520,6760,47320,Suburu,Legacy,2007,N,Medium,None,Minor,Afternoon,Multi-Vehicle,Multiple Witnesses,Standard
100,33,2005-04-17,OH,1124.59,MALE,College,adm-clerical,golf,not-in-family,67300,0,2015-02-26,Single Vehicle Collision,Rear Collision,Minor Damage,Other,NC,Columbus,NO,NO,40800,6800,6800,27200,BMW,X5,2004,N,Low,Unknown,Minor,Early Morning,Single Vehicle,Multiple Witnesses,Standard
371,50,1994-02-10,IN,1569.33,MALE,PhD,machine-op-inspct,board-games,not-in-family,79600,0,2015-01-29,Multi-vehicle Collision,Side Collision,Major Damage,Other,WV,Springfield,NO,YES,84500,13000,13000,58500,Volkswagen,Passat,2011,Y,Medium,None,Major,Early Morning,Multi-Vehicle,Single Witness,Standard
175,39,1995-03-29,IN,1359.36,MALE,PhD,exec-managerial,hiking,husband,0,-43600,2015-02-08,Multi-vehicle Collision,Front Collision,Major Damage,Other,SC,Arlington,YES,YES,71610,13020,6510,52080,Toyota,Highlander,2012,Y,Low,Unknown,Major,Morning,Multi-Vehicle,Multiple Witnesses,Premium
373,55,2007-04-30,IN,1607.36,MALE,MD,sales,yachting,own-child,0,0,2015-01-19,Multi-vehicle Collision,Rear Collision,Major Damage,Other,SC,Arlington,,NO,60600,6060,12120,42420,Dodge,RAM,2007,Y,Low,None,None,Evening,Multi-Vehicle,Multiple Witnesses,Standard
258,41,2001-02-15,IL,1042.25,MALE,Masters,exec-managerial,reading,unmarried,0,-44400,2015-02-08,Multi-vehicle Collision,Rear Collision,Major Damage,Fire,NC,Riverwood,NO,NO,81240,6770,20310,54160,Mercedes,C300,2008,Y,Low,None,Major,Early Morning,Multi-Vehicle,Multiple Witnesses,Basic
255,39,2001-07-09,OH,1453.95,FEMALE,PhD,armed-forces,bungie-jumping,not-in-family,38200,0,2015-01-07,Multi-vehicle Collision,Side Collision,Total Loss,Fire,WV,Springfield,YES,NO,29300,2930,5860,20510,Audi,A3,2010,N,Low,None,None,Afternoon,Multi-Vehicle,Multiple Witnesses,Standard
37,31,2008-09-06,IL,1969.63,FEMALE,MD,sales,skydiving,own-child,0,0,2015-02-13,Multi-vehicle Collision,Side Collision,Total Loss,Fire,WV,Northbend,NO,YES,76450,6950,13900,55600,Dodge,RAM,1995,N,Low,None,Minor,Evening,Multi-Vehicle,Single Witness,Premium
322,44,2004-12-19,IL,1156.19,FEMALE,College,machine-op-inspct,cross-fit,husband,49900,-62700,2015-02-15,Multi-vehicle Collision,Side Collision,Major Damage,Fire,NY,Northbrook,YES,,49400,9880,4940,34580,Jeep,Wrangler,2010,N,Medium,None,None,Evening,Multi-Vehicle,Multiple Witnesses,Basic
204,38,2000-11-15,IL,1124.47,FEMALE,MD,tech-support,kayaking,wife,0,-45100,2015-02-14,Single Vehicle Collision,Side Collision,Total Loss,Ambulance,SC,Northbrook,NO,,90530,16460,16460,57610,Ford,F150,2003,N,High,None,None,Early Morning,Single Vehicle,Single Witness,Basic
76,31,2007-03-14,OH,1493.5,FEMALE,Associate,priv-house-serv,movies,not-in-family,39900,-44000,2015-01-31,Vehicle Theft,,Minor Damage,Police,WV,Northbrook,NO,NO,8030,1460,730,5840,Mercedes,E400,1995,N,Low,Unknown,Major,Morning,Single Vehicle,Single Witness,Premium
193,40,2004-12-28,IL,1155.38,FEMALE,PhD,handlers-cleaners,movies,not-in-family,34200,-32300,2015-01-28,Single Vehicle Collision,Side Collision,Minor Damage,Fire,NY,Columbus,NO,YES,63900,6390,6390,51120,Accura,TL,2001,N,Low,None,None,Morning,Single Vehicle,No Witness,Basic
405,55,1999-07-05,IL,878.19,MALE,PhD,machine-op-inspct,golf,unmarried,57100,0,2015-03-01,Multi-vehicle Collision,Rear Collision,Minor Damage,Fire,NC,Northbend,YES,NO,38640,4830,4830,28980,Chevrolet,Tahoe,1997,N,Low,None,None,Early Morning,Multi-Vehicle,Multiple Witnesses,Standard
435,58,1997-11-15,IN,1145.85,MALE,JD,sales,movies,not-in-family,0,-40000,2015-01-10,Multi-vehicle Collision,Rear Collision,Total Loss,Other,NY,Columbus,,YES,41490,9220,4610,27660,Mercedes,E400,2004,N,High,None,Minor,Evening,Multi-Vehicle,Single Witness,Basic
54,35,2010-09-27,IN,1261.28,FEMALE,MD,protective-serv,hiking,unmarried,68500,-42100,2015-02-25,Multi-vehicle Collision,Side Collision,Minor Damage,Fire,VA,Springfield,YES,,79090,14380,7190,57520,Nissan,Maxima,2012,N,Low,None,Major,Evening,Multi-Vehicle,No Witness,Basic
144,35,1993-08-30,IL,1427.46,MALE,High School,machine-op-inspct,cross-fit,wife,0,0,2015-01-30,Multi-vehicle Collision,Side Collision,Major Damage,Police,WV,Springfield,,,87900,17580,8790,61530,Dodge,Neon,1995,N,Low,None,None,Early Morning,Multi-Vehicle,No Witness,Basic
92,32,1998-01-29,IL,1592.41,MALE,Masters,prof-specialty,yachting,husband,58900,-29100,2015-02-06,Single Vehicle Collision,Rear Collision,Total Loss,Ambulance,WV,Columbus,,YES,53400,5340,5340,42720,Jeep,Wrangler,1996,N,Low,None,Major,Evening,Single Vehicle,Multiple Witnesses,Premium
173,36,2007-08-18,OH,1274.63,MALE,College,machine-op-inspct,basketball,unmarried,51000,0,2015-02-08,Single Vehicle Collision,Rear Collision,Total Loss,Fire,SC,Springfield,YES,NO,52030,9460,9460,33110,Accura,MDX,1995,N,Medium,None,Major,Evening,Single Vehicle,Multiple Witnesses,Standard
436,60,1992-04-14,IN,1362.31,MALE,High School,prof-specialty,bungie-jumping,wife,67600,-65300,2015-01-13,Single Vehicle Collision,Front Collision,Minor Damage,Ambulance,VA,Arlington,NO,NO,82060,14920,7460,59680,Saab,93,2005,N,Low,None,None,Afternoon,Single Vehicle,Multiple Witnesses,Standard
155,35,1993-08-09,OH,919.37,FEMALE,Associate,protective-serv,hiking,not-in-family,83600,0,2015-01-18,Single Vehicle Collision,Front Collision,Minor Damage,Ambulance,NY,Northbrook,,,48360,8060,8060,32240,Nissan,Maxima,1997,N,Medium,None,None,Early Morning,Single Vehicle,Multiple Witnesses,Standard
78,31,1991-04-02,OH,1377.23,FEMALE,Masters,armed-forces,kayaking,unmarried,72600,0,2015-03-01,Multi-vehicle Collision,Side Collision,Minor Damage,Other,NY,Hillsdale,,,52290,5810,11620,34860,Nissan,Maxima,1997,N,Medium,None,Major,Early Morning,Multi-Vehicle,Single Witness,Standard
440,57,2007-03-15,IL,995.55,MALE,College,protective-serv,paintball,wife,51500,-52100,2015-02-02,Multi-vehicle Collision,Rear Collision,Major Damage,Police,SC,Arlington,YES,,68200,12400,12400,43400,Jeep,Wrangler,2007,Y,Medium,Unknown,None,Evening,Multi-Vehicle,Multiple Witnesses,Basic
264,43,2010-05-01,IL,1508.12,MALE,PhD,craft-repair,basketball,wife,0,0,2015-01-20,Multi-vehicle Collision,Rear Collision,Major Damage,Other,NY,Columbus,,NO,60750,13500,6750,40500,Jeep,Wrangler,2015,Y,Low,Unknown,Major,Early Morning,Multi-Vehicle,Single Witness,Basic
66,30,2003-06-24,IN,484.67,FEMALE,College,adm-clerical,paintball,wife,21100,-60800,2015-01-24,Multi-vehicle Collision,Front Collision,Major Damage,Fire,SC,Arlington,,YES,65560,11920,11920,41720,Volkswagen,Passat,2015,Y,Low,None,None,Early Morning,Multi-Vehicle,Multiple Witnesses,Premium
366,50,1990-07-08,IN,1561.41,FEMALE,High School,handlers-cleaners,basketball,husband,21200,0,2015-01-04,Multi-vehicle Collision,Rear Collision,Minor Damage,Police,NY,Arlington,YES,NO,70290,12780,12780,44730,Mercedes,C300,2012,N,Medium,None,Minor,Early Morning,Multi-Vehicle,Multiple Witnesses,Premium
188,37,1994-09-24,OH,1457.21,FEMALE,JD,adm-clerical,hiking,own-child,46300,0,2015-01-17,Single Vehicle Collision,Rear Collision,Total Loss,Ambulance,SC,Columbus,,YES,45000,5000,5000,35000,Suburu,Forrestor,2003,N,Low,None,Major,Morning,Single Vehicle,No Witness,Basic
224,39,2012-06-20,IL,1128.71,FEMALE,JD,prof-specialty,sleeping,other-relative,0,-47100,2015-02-04,Multi-vehicle Collision,Rear Collision,Total Loss,Fire,VA,Riverwood,YES,,61800,12360,6180,43260,Suburu,Impreza,2007,N,Medium,None,Major,Evening,Multi-Vehicle,Single Witness,Premium
253,46,2006-04-19,IL,1358.2,FEMALE,MD,transport-moving,movies,husband,52900,0,2015-02-14,Multi-vehicle Collision,Front Collision,Major Damage,Ambulance,NY,Columbus,YES,NO,64570,5870,11740,46960,Jeep,Wrangler,2001,N,Low,None,None,Morning,Multi-Vehicle,No Witness,Basic
446,61,1999-04-07,IL,1232.79,FEMALE,High School,adm-clerical,reading,unmarried,49900,-62100,2015-01-07,Single Vehicle Collision,Rear Collision,Minor Damage,Other,VA,Springfield,YES,YES,70500,7050,14100,49350,Suburu,Forrestor,2007,N,Medium,None,Major,Early Morning,Single Vehicle,No Witness,Basic
169,37,2001-12-07,IL,936.19,MALE,JD,armed-forces,movies,other-relative,70600,-48500,2015-02-02,Multi-vehicle Collision,Side Collision,Total Loss,Police,SC,Northbrook,,YES,57900,17370,5790,34740,Audi,A5,2005,N,Medium,None,Major,Early Morning,Multi-Vehicle,Single Witness,Basic
255,46,2006-11-25,IL,1302.34,FEMALE,JD,prof-specialty,video-games,own-child,0,-52600,2015-01-12,Multi-vehicle Collision,Front Collision,Minor Damage,Fire,WV,Northbrook,NO,NO,57860,5260,10520,42080,Volkswagen,Jetta,2011,N,Low,None,Minor,Early Morning,Multi-Vehicle,No Witness,Standard
209,39,1996-12-06,IN,1264.99,MALE,PhD,transport-moving,polo,husband,67800,0,2015-01-01,Single Vehicle Collision,Side Collision,Minor Damage,Fire,VA,Northbrook,,NO,37800,8400,4200,25200,Chevrolet,Silverado,1995,N,Low,None,Minor,Evening,Single Vehicle,Single Witness,Basic
210,37,2012-07-10,OH,1467.76,FEMALE,MD,tech-support,hiking,own-child,38700,-33100,2015-02-22,Single Vehicle Collision,Front Collision,Total Loss,Ambulance,NY,Northbend,,YES,63300,6330,6330,50640,Toyota,Highlander,2000,N,Low,None,Minor,Morning,Single Vehicle,Multiple Witnesses,Premium
174,33,2014-04-07,IN,1124.43,FEMALE,College,farming-fishing,paintball,own-child,0,0,2015-01-16,Multi-vehicle Collision,Rear Collision,Total Loss,Ambulance,WV,Northbrook,YES,YES,44200,8840,4420,30940,Saab,93,1995,N,High,None,None,Afternoon,Multi-Vehicle,Single Witness,Standard
70,28,2003-10-11,IL,1319.81,MALE,High School,machine-op-inspct,yachting,husband,67200,-59400,2015-01-28,Multi-vehicle Collision,Side Collision,Minor Damage,Police,WV,Arlington,NO,YES,31680,3520,3520,24640,Toyota,Camry,2006,N,Medium,None,Minor,Afternoon,Multi-Vehicle,No Witness,Standard
89,32,2015-01-17,IN,1482.53,FEMALE,MD,tech-support,kayaking,not-in-family,49100,-45100,2015-01-23,Parked Car,,Trivial Damage,Police,WV,Northbrook,YES,,100,10,20,70,Audi,A3,2002,N,High,None,Minor,Early Morning,Single Vehicle,Multiple Witnesses,Basic
458,61,1992-12-07,IN,1328.18,FEMALE,High School,protective-serv,bungie-jumping,other-relative,53000,0,2015-02-25,Single Vehicle Collision,Front Collision,Minor Damage,Fire,WV,Columbus,NO,NO,56340,6260,6260,43820,Volkswagen,Passat,2003,N,Medium,None,Major,Evening,Single Vehicle,Single Witness,Basic
239,40,2004-11-29,IN,1463.95,FEMALE,JD,sales,skydiving,own-child,0,0,2015-02-11,Multi-vehicle Collision,Rear Collision,Total Loss,Police,NC,Springfield,,YES,69740,6340,6340,57060,Dodge,Neon,2003,N,Low,None,None,Evening,Multi-Vehicle,No Witness,Basic
161,38,2004-01-02,IL,1133.85,MALE,PhD,priv-house-serv,exercise,not-in-family,60200,0,2015-01-03,Multi-vehicle Collision,Front Collision,Total Loss,Police,WV,Springfield,YES,YES,60480,5040,15120,40320,Volkswagen,Jetta,2003,N,High,None,Major,Early Morning,Multi-Vehicle,Multiple Witnesses,Basic
446,61,2006-01-25,IN,1037.32,FEMALE,High School,tech-support,skydiving,wife,0,-15700,2015-01-30,Multi-vehicle Collision,Rear Collision,Minor Damage,Police,NC,Hillsdale,,NO,80880,6740,13480,60660,Nissan,Ultima,2005,N,Medium,None,Major,Early Morning,Multi-Vehicle,Single Witness,Premium
476,61,1993-04-18,IN,1562.8,FEMALE,Masters,handlers-cleaners,dancing,not-in-family,42800,-68200,2015-01-18,Single Vehicle Collision,Front Collision,Total Loss,Fire,WV,Hillsdale,,YES,49390,8980,4490,35920,Suburu,Legacy,2009,N,Medium,None,Minor,Morning,Single Vehicle,Multiple Witnesses,Standard
70,29,2006-12-09,IN,1425.79,FEMALE,MD,armed-forces,video-games,other-relative,62400,-52300,2015-01-04,Single Vehicle Collision,Front Collision,Minor Damage,Ambulance,NC,Riverwood,NO,,69360,11560,11560,46240,Dodge,RAM,2009,N,Medium,None,None,Afternoon,Single Vehicle,Multiple Witnesses,Basic
233,41,1997-08-30,OH,1615.14,FEMALE,Associate,tech-support,board-games,other-relative,67100,0,2015-01-20,Vehicle Theft,,Minor Damage,,NY,Springfield,NO,,3740,680,680,2380,Chevrolet,Malibu,2011,N,High,None,None,Morning,Single Vehicle,Single Witness,Premium
122,33,1991-06-03,IL,1236.5,MALE,PhD,other-service,bungie-jumping,husband,0,-48700,2015-02-12,Parked Car,,Trivial Damage,,NY,Hillsdale,NO,NO,5060,460,920,3680,Nissan,Ultima,2003,N,Low,None,None,Early Morning,Single Vehicle,Single Witness,Standard
335,48,1995-09-06,IL,1017.97,FEMALE,MD,machine-op-inspct,chess,wife,59900,-34800,2015-02-19,Multi-vehicle Collision,Front Collision,Total Loss,Police,WV,Columbus,NO,YES,35860,3260,6520,26080,BMW,X5,2005,Y,High,None,None,Evening,Multi-Vehicle,No Witness,Premium
257,40,2000-02-09,IN,1306.0,MALE,Associate,machine-op-inspct,cross-fit,husband,46100,-46900,2015-02-21,Multi-vehicle Collision,Front Collision,Major Damage,Ambulance,NY,Columbus,YES,,50050,7700,3850,38500,Ford,Fusion,2008,Y,High,None,Major,Early Morning,Multi-Vehicle,Single Witness,Basic
85,27,1996-07-23,IL,1174.14,MALE,College,priv-house-serv,dancing,unmarried,50400,-61500,2015-02-02,Multi-vehicle Collision,Rear Collision,Minor Damage,Fire,NY,Northbend,YES,NO,59070,10740,5370,42960,Toyota,Camry,2012,N,High,None,None,Afternoon,Multi-Vehicle,No Witness,Premium
133,30,2005-09-21,IN,1231.01,MALE,College,adm-clerical,board-games,husband,0,-31700,2015-02-01,Multi-vehicle Collision,Front Collision,Minor Damage,Fire,SC,Riverwood,NO,,28440,3160,3160,22120,Dodge,Neon,2007,N,Medium,None,Minor,Evening,Multi-Vehicle,Multiple Witnesses,Premium
119,34,2011-12-30,IL,1299.18,FEMALE,College,tech-support,hiking,wife,57100,0,2015-01-08,Single Vehicle Collision,Front Collision,Major Damage,Fire,OH,Springfield,YES,YES,45540,8280,8280,28980,Honda,Civic,1998,Y,Low,None,Major,Morning,Single Vehicle,Single Witness,Standard
169,34,1996-07-21,IN,1469.75,FEMALE,JD,sales,reading,not-in-family,0,-57600,2015-01-16,Single Vehicle Collision,Rear Collision,Minor Damage,Fire,VA,Arlington,,YES,38700,7740,3870,27090,Volkswagen,Passat,2012,N,Low,None,None,Early Morning,Single Vehicle,No Witness,Basic
225,39,1996-04-08,OH,1390.72,MALE,Masters,tech-support,paintball,other-relative,83900,-52100,2015-02-20,Parked Car,,Trivial Damage,,SC,Northbrook,YES,YES,5830,1060,530,4240,Nissan,Pathfinder,2011,N,Low,None,Major,Morning,Single Vehicle,Single Witness,Standard
84,32,2001-03-04,IL,1694.09,FEMALE,Associate,prof-specialty,cross-fit,husband,0,0,2015-01-30,Single Vehicle Collision,Rear Collision,Total Loss,Other,NY,Northbend,YES,,57240,4770,9540,42930,BMW,X6,1995,Y,Low,Unknown,None,Early Morning,Single Vehicle,Multiple Witnesses,Premium
169,39,2001-10-19,OH,1140.15,MALE,High School,armed-forces,exercise,husband,0,-36800,2015-01-19,Multi-vehicle Collision,Rear Collision,Total Loss,Police,VA,Riverwood,YES,NO,46200,4200,8400,33600,Suburu,Legacy,2015,N,High,None,None,Morning,Multi-Vehicle,Multiple Witnesses,Basic
124,32,2006-08-18,IN,1310.71,FEMALE,Masters,farming-fishing,kayaking,wife,29300,0,2015-02-25,Single Vehicle Collision,Side Collision,Total Loss,Ambulance,NY,Columbus,YES,NO,57700,5770,5770,46160,Toyota,Camry,2003,N,Medium,None,None,Evening,Single Vehicle,Single Witness,Basic
320,48,2013-04-28,IL,1730.49,MALE,College,transport-moving,hiking,not-in-family,46300,-41700,2015-01-24,Multi-vehicle Collision,Front Collision,Minor Damage,Fire,WV,Northbrook,NO,NO,56160,4680,9360,42120,Saab,95,1995,N,High,Unknown,Major,Afternoon,Multi-Vehicle,No Witness,Standard
297,47,2009-11-29,IN,1616.65,MALE,MD,adm-clerical,movies,unmarried,0,-59500,2015-01-16,Multi-vehicle Collision,Side Collision,Total Loss,Fire,WV,Columbus,,YES,44400,5550,5550,33300,Jeep,Grand Cherokee,1999,N,Low,Unknown,None,Early Morning,Multi-Vehicle,Multiple Witnesses,Standard
421,56,1990-02-15,IN,1935.85,MALE,Masters,machine-op-inspct,reading,own-child,49500,-81100,2015-01-12,Single Vehicle Collision,Rear Collision,Major Damage,Ambulance,NY,Hillsdale,,,92730,16860,8430,67440,Mercedes,E400,2004,Y,Low,Unknown,Major,Morning,Single Vehicle,Multiple Witnesses,Basic
136,33,2002-04-12,OH,855.14,FEMALE,PhD,craft-repair,paintball,not-in-family,37900,0,2015-01-04,Single Vehicle Collision,Side Collision,Minor Damage,Fire,NC,Northbrook,YES,YES,30700,3070,6140,21490,Toyota,Corolla,2015,N,Medium,None,None,Evening,Single Vehicle,Single Witness,Standard
46,24,1999-02-21,OH,1568.47,FEMALE,High School,armed-forces,yachting,unmarried,46800,0,2015-02-02,Single Vehicle Collision,Side Collision,Major Damage,Fire,NY,Northbrook,NO,,56600,11320,5660,39620,Toyota,Camry,1999,N,High,Unknown,Major,Morning,Single Vehicle,No Witness,Standard
34,24,2011-06-18,IN,1550.53,FEMALE,MD,armed-forces,dancing,own-child,0,-27700,2015-02-01,Parked Car,,Trivial Damage,,VA,Hillsdale,YES,,3960,660,660,2640,Audi,A3,1998,N,High,None,None,Evening,Single Vehicle,Single Witness,Premium
95,30,1995-03-26,IL,1370.92,MALE,College,transport-moving,video-games,unmarried,48900,0,2015-02-14,Single Vehicle Collision,Rear Collision,Minor Damage,Police,SC,Arlington,YES,,34800,3480,6960,24360,Accura,MDX,1999,N,High,None,None,Evening,Single Vehicle,Multiple Witnesses,Standard
140,36,1991-05-03,IN,1363.59,FEMALE,JD,armed-forces,kayaking,not-in-family,43200,0,2015-02-08,Multi-vehicle Collision,Rear Collision,Minor Damage,Other,NY,Riverwood,,YES,79500,7950,7950,63600,Chevrolet,Tahoe,2000,N,Low,None,Major,Morning,Multi-Vehicle,No Witness,Standard
200,34,2001-12-19,IN,828.42,FEMALE,College,prof-specialty,basketball,other-relative,0,0,2015-01-22,Single Vehicle Collision,Front Collision,Total Loss,Police,NY,Arlington,,NO,56000,5600,5600,44800,Chevrolet,Malibu,2009,N,Medium,Premium,Major,Morning,Single Vehicle,Multiple Witnesses,Standard
123,29,2012-08-05,IN,1209.63,FEMALE,Masters,machine-op-inspct,chess,not-in-family,64800,-44200,2015-01-14,Single Vehicle Collision,Rear Collision,Minor Damage,Ambulance,NC,Arlington,YES,YES,73260,16280,0,56980,Volkswagen,Jetta,2014,Y,Low,None,Minor,Afternoon,Single Vehicle,No Witness,Standard
267,46,2004-08-09,OH,1111.17,MALE,MD,craft-repair,base-jumping,unmarried,35000,0,2015-02-03,Parked Car,,Trivial Damage,,WV,Arlington,YES,YES,4950,900,450,3600,Toyota,Camry,1995,N,High,None,Major,Early Morning,Single Vehicle,Multiple Witnesses,Standard
290,42,2014-01-20,IN,989.97,MALE,Masters,machine-op-inspct,kayaking,own-child,32500,0,2015-01-20,Single Vehicle Collision,Rear Collision,Minor Damage,Ambulance,WV,Hillsdale,NO,NO,48000,4800,9600,33600,Saab,95,2013,N,Low,None,None,Morning,Single Vehicle,Single Witness,Premium
45,37,2011-12-19,IN,1114.23,MALE,College,prof-specialty,dancing,wife,0,0,2015-01-01,Single Vehicle Collision,Side Collision,Major Damage,Fire,SC,Arlington,YES,YES,52200,10440,5220,36540,Nissan,Pathfinder,2005,N,Medium,None,None,Early Morning,Single Vehicle,Single Witness,Standard
186,38,2008-07-28,IN,1347.31,FEMALE,JD,protective-serv,dancing,unmarried,80900,-111100,2015-02-02,Multi-vehicle Collision,Rear Collision,Minor Damage,Ambulance,NY,Springfield,NO,,73800,12300,12300,49200,Audi,A3,1995,N,High,None,Major,Early Morning,Multi-Vehicle,Multiple Witnesses,Standard
135,34,1998-05-05,IL,1687.53,FEMALE,JD,protective-serv,base-jumping,other-relative,0,-69600,2015-01-23,Single Vehicle Collision,Side Collision,Total Loss,Fire,NC,Northbend,,NO,78200,15640,7820,54740,Audi,A3,2009,N,High,None,Minor,Morning,Single Vehicle,Multiple Witnesses,Standard
110,33,1995-04-16,IN,1183.48,MALE,Associate,other-service,bungie-jumping,husband,0,0,2015-01-26,Single Vehicle Collision,Rear Collision,Major Damage,Ambulance,VA,Northbend,,NO,55200,13800,9200,32200,Saab,93,2015,Y,Medium,None,Major,Evening,Single Vehicle,Multiple Witnesses,Standard
259,43,1992-02-14,IL,1537.13,FEMALE,PhD,handlers-cleaners,kayaking,own-child,0,-58300,2015-01-02,Multi-vehicle Collision,Side Collision,Total Loss,Other,NY,Northbend,NO,YES,57060,6340,6340,44380,Ford,Fusion,2012,N,High,None,None,Early Morning,Multi-Vehicle,Multiple Witnesses,Premium
114,30,2007-07-11,OH,1173.25,FEMALE,Masters,protective-serv,dancing,husband,0,-34700,2015-02-25,Vehicle Theft,,Minor Damage,,WV,Arlington,NO,YES,4680,520,520,3640,Chevrolet,Malibu,2013,N,Medium,None,None,Early Morning,Single Vehicle,Multiple Witnesses,Standard
404,56,2010-04-07,IN,1361.16,FEMALE,Masters,transport-moving,cross-fit,not-in-family,0,-63700,2015-01-15,Single Vehicle Collision,Front Collision,Minor Damage,Ambulance,VA,Hillsdale,NO,YES,53100,5310,5310,42480,Accura,MDX,2005,Y,Medium,Unknown,Major,Evening,Single Vehicle,No Witness,Standard
282,48,1991-03-10,OH,1422.56,FEMALE,MD,prof-specialty,video-games,husband,26900,-55300,2015-02-09,Vehicle Theft,,Minor Damage,,WV,Springfield,,NO,3520,640,320,2560,Accura,MDX,2013,N,High,Unknown,Minor,Morning,Single Vehicle,Multiple Witnesses,Premium
57,25,1996-01-20,IL,1143.06,FEMALE,Masters,tech-support,dancing,own-child,63100,-54100,2015-01-16,Multi-vehicle Collision,Front Collision,Total Loss,Ambulance,VA,Riverwood,NO,YES,72900,14580,14580,43740,Nissan,Maxima,2010,N,High,None,None,Early Morning,Multi-Vehicle,Single Witness,Premium
215,38,2010-03-01,IN,1405.71,FEMALE,PhD,craft-repair,camping,unmarried,0,0,2015-02-01,Single Vehicle Collision,Rear Collision,Total Loss,Police,SC,Arlington,,NO,70700,7070,14140,49490,Volkswagen,Passat,2008,N,Low,None,None,Morning,Single Vehicle,Single Witness,Standard
140,30,2014-06-15,IL,1354.2,FEMALE,College,adm-clerical,bungie-jumping,wife,100500,0,2015-02-10,Multi-vehicle Collision,Side Collision,Minor Damage,Other,SC,Columbus,,,60170,5470,10940,43760,Nissan,Pathfinder,2006,N,Low,None,None,Early Morning,Multi-Vehicle,No Witness,Basic
250,42,2004-11-25,IN,1055.6,MALE,High School,exec-managerial,paintball,husband,69500,-40700,2015-01-03,Single Vehicle Collision,Rear Collision,Major Damage,Other,SC,Columbus,,,74800,13600,6800,54400,Ford,Fusion,2009,Y,Low,None,Minor,Afternoon,Single Vehicle,Single Witness,Basic
286,41,2000-08-26,IL,999.43,MALE,College,prof-specialty,paintball,wife,25800,0,2015-01-01,Vehicle Theft,,Trivial Damage,Police,WV,Northbend,YES,,4100,820,410,2870,Chevrolet,Malibu,2009,N,Medium,None,Major,Early Morning,Single Vehicle,No Witness,Standard
356,47,2005-08-23,IN,1155.97,MALE,High School,prof-specialty,camping,husband,0,0,2015-02-23,Single Vehicle Collision,Side Collision,Minor Damage,Other,SC,Columbus,YES,,61490,5590,11180,44720,Dodge,RAM,2009,N,High,None,None,Early Morning,Single Vehicle,Multiple Witnesses,Standard
65,29,1990-08-09,IL,1726.91,MALE,High School,other-service,basketball,own-child,0,0,2015-01-28,Vehicle Theft,,Trivial Damage,,VA,Hillsdale,,,7200,720,1440,5040,Audi,A5,1999,N,Medium,None,None,Afternoon,Single Vehicle,No Witness,Standard
187,34,2003-03-28,IN,1232.57,FEMALE,PhD,machine-op-inspct,polo,not-in-family,59500,0,2015-02-22,Multi-vehicle Collision,Side Collision,Minor Damage,Fire,NY,Arlington,,,45100,8200,4100,32800,Nissan,Pathfinder,2011,N,Low,None,None,Morning,Multi-Vehicle,No Witness,Premium
386,53,2007-10-23,OH,1078.65,MALE,JD,craft-repair,camping,not-in-family,36800,0,2015-01-03,Single Vehicle Collision,Front Collision,Minor Damage,Police,WV,Northbend,,YES,66660,12120,6060,48480,Honda,Civic,2006,N,Low,None,Major,Afternoon,Single Vehicle,Multiple Witnesses,Standard
197,41,1996-06-27,OH,1324.78,FEMALE,PhD,prof-specialty,basketball,not-in-family,0,-64500,2015-01-10,Single Vehicle Collision,Front Collision,Major Damage,Police,NC,Northbrook,NO,YES,76400,15280,7640,53480,Volkswagen,Jetta,1997,Y,Medium,None,Major,Morning,Single Vehicle,Multiple Witnesses,Premium
166,37,1994-12-11,IN,1518.54,FEMALE,MD,craft-repair,kayaking,not-in-family,0,0,2015-01-25,Single Vehicle Collision,Rear Collision,Total Loss,Ambulance,PA,Riverwood,YES,NO,58300,10600,10600,37100,Ford,F150,2001,N,Low,None,Minor,Morning,Single Vehicle,Single Witness,Standard
293,49,1995-12-05,IL,1239.06,FEMALE,JD,transport-moving,skydiving,husband,34900,0,2015-01-10,Single Vehicle Collision,Front Collision,Total Loss,Police,SC,Riverwood,,,57310,5210,10420,41680,Volkswagen,Passat,2002,N,High,None,Minor,Evening,Single Vehicle,Single Witness,Basic
179,32,1996-12-15,OH,1246.68,FEMALE,PhD,priv-house-serv,movies,own-child,0,0,2015-01-28,Single Vehicle Collision,Front Collision,Minor Damage,Fire,NY,Arlington,,,53100,5900,5900,41300,Suburu,Impreza,2006,N,High,None,None,Morning,Single Vehicle,Single Witness,Premium
76,24,2011-06-06,OH,1622.67,FEMALE,MD,priv-house-serv,paintball,husband,0,0,2015-02-18,Multi-vehicle Collision,Side Collision,Total Loss,Ambulance,WV,Riverwood,NO,,74700,14940,7470,52290,Suburu,Forrestor,1997,N,Medium,None,Minor,Morning,Multi-Vehicle,Single Witness,Standard
105,28,1995-12-13,OH,1082.36,FEMALE,Associate,prof-specialty,golf,own-child,0,0,2015-01-24,Multi-vehicle Collision,Rear Collision,Major Damage,Fire,SC,Riverwood,NO,NO,60500,12100,6050,42350,Audi,A5,1995,N,Low,None,Major,Afternoon,Multi-Vehicle,Multiple Witnesses,Standard
97,26,1997-10-28,OH,1270.55,MALE,Masters,protective-serv,chess,unmarried,0,-72100,2015-01-20,Multi-vehicle Collision,Side Collision,Total Loss,Other,NC,Riverwood,YES,NO,84920,7720,15440,61760,Jeep,Wrangler,2006,Y,Medium,None,Major,Morning,Multi-Vehicle,Multiple Witnesses,Standard
148,36,1996-01-04,IL,1236.32,FEMALE,MD,adm-clerical,hiking,own-child,55100,0,2015-01-10,Single Vehicle Collision,Side Collision,Total Loss,Police,PA,Northbrook,NO,NO,61050,5550,11100,44400,Dodge,Neon,2009,N,Medium,Unknown,Major,Early Morning,Single Vehicle,No Witness,Premium
77,26,2008-05-09,IL,785.82,MALE,JD,exec-managerial,movies,other-relative,49700,0,2015-01-07,Multi-vehicle Collision,Rear Collision,Major Damage,Police,NY,Hillsdale,YES,,69080,12560,6280,50240,Audi,A5,2009,Y,High,None,Major,Afternoon,Multi-Vehicle,No Witness,Standard
295,46,2009-12-05,IN,1265.84,FEMALE,JD,prof-specialty,paintball,own-child,52200,-44500,2015-01-16,Vehicle Theft,,Minor Damage,,VA,Arlington,YES,YES,4560,760,380,3420,Nissan,Pathfinder,2007,N,Low,None,Minor,Morning,Single Vehicle,Multiple Witnesses,Standard
126,28,1992-01-05,IN,1508.9,FEMALE,JD,machine-op-inspct,skydiving,other-relative,0,0,2015-01-01,Multi-vehicle Collision,Rear Collision,Total Loss,Police,WV,Northbend,NO,,67800,11300,11300,45200,Ford,F150,2011,N,Low,None,None,Early Morning,Multi-Vehicle,Single Witness,Standard
132,32,1997-11-15,OH,1106.84,MALE,PhD,other-service,reading,wife,43100,-31900,2015-01-07,Vehicle Theft,,Minor Damage,Police,SC,Riverwood,YES,YES,5600,1120,560,3920,Suburu,Legacy,2005,N,High,None,Minor,Evening,Single Vehicle,Single Witness,Standard
370,55,2012-12-22,IN,1389.13,MALE,JD,other-service,basketball,wife,0,-53200,2015-02-17,Vehicle Theft,,Minor Damage,,NC,Northbrook,,,9000,900,1800,6300,Mercedes,ML350,2015,N,High,Unknown,None,Morning,Single Vehicle,Multiple Witnesses,Premium
257,43,1992-05-19,IN,974.84,FEMALE,JD,transport-moving,kayaking,other-relative,52100,0,2015-02-26,Single Vehicle Collision,Rear Collision,Total Loss,Police,VA,Northbend,NO,YES,85320,21330,7110,56880,Nissan,Pathfinder,2006,N,Medium,None,None,Early Morning,Single Vehicle,Single Witness,Basic
9,24,2002-05-25,IL,1304.46,FEMALE,PhD,machine-op-inspct,golf,other-relative,51700,-33300,2015-01-31,Vehicle Theft,,Trivial Damage,,NC,Arlington,NO,YES,5940,540,1080,4320,Audi,A5,2001,Y,High,None,None,Morning,Single Vehicle,Multiple Witnesses,Basic
185,34,2010-04-21,OH,1257.36,FEMALE,PhD,armed-forces,movies,husband,0,0,2015-02-27,Multi-vehicle Collision,Side Collision,Major Damage,Fire,SC,Arlington,YES,,51370,9340,4670,37360,BMW,M5,2000,Y,Low,None,Minor,Evening,Multi-Vehicle,Single Witness,Standard
234,43,1990-03-26,OH,1257.04,MALE,Associate,protective-serv,reading,own-child,0,-48800,2015-03-01,Single Vehicle Collision,Rear Collision,Major Damage,Police,SC,Northbrook,NO,YES,51600,10320,5160,36120,Dodge,Neon,2011,N,Low,None,Major,Early Morning,Single Vehicle,Multiple Witnesses,Standard
253,44,2007-05-12,OH,719.52,FEMALE,High School,farming-fishing,golf,own-child,45800,0,2015-02-13,Parked Car,,Trivial Damage,,SC,Arlington,NO,,5400,600,600,4200,Chevrolet,Malibu,1998,N,High,None,None,Morning,Single Vehicle,Multiple Witnesses,Basic
233,39,2001-01-02,OH,1524.18,MALE,JD,craft-repair,reading,unmarried,0,0,2015-01-08,Multi-vehicle Collision,Rear Collision,Minor Damage,Fire,SC,Northbrook,,YES,48870,5430,5430,38010,Saab,95,1999,N,High,None,Minor,Evening,Multi-Vehicle,No Witness,Premium
274,44,2006-08-10,IN,1395.58,FEMALE,JD,tech-support,reading,husband,0,0,2015-02-05,Vehicle Theft,,Minor Damage,Police,WV,Springfield,NO,,5590,860,860,3870,BMW,X5,2000,N,Low,None,Major,Morning,Single Vehicle,Single Witness,Premium
297,48,2014-07-28,IL,1243.68,MALE,Masters,protective-serv,camping,wife,0,-71400,2015-02-20,Multi-vehicle Collision,Front Collision,Major Damage,Other,NY,Springfield,,,54960,6870,0,48090,Toyota,Corolla,2002,Y,Medium,None,None,Evening,Multi-Vehicle,Multiple Witnesses,Premium
273,47,2011-09-27,OH,1189.04,FEMALE,Associate,prof-specialty,video-games,own-child,59600,0,2015-01-24,Multi-vehicle Collision,Side Collision,Minor Damage,Police,VA,Northbrook,NO,,39800,7960,3980,27860,Jeep,Wrangler,2014,N,Medium,None,Minor,Early Morning,Multi-Vehicle,Multiple Witnesses,Premium
147,37,2013-04-20,IN,1375.29,FEMALE,Masters,armed-forces,chess,own-child,0,0,2015-01-31,Multi-vehicle Collision,Side Collision,Major Damage,Ambulance,SC,Columbus,,,56160,6240,6240,43680,Ford,Fusion,2015,Y,High,None,None,Morning,Multi-Vehicle,Single Witness,Premium
285,42,1991-03-20,IN,1389.13,MALE,Associate,priv-house-serv,golf,not-in-family,63100,-79400,2015-01-23,Single Vehicle Collision,Side Collision,Total Loss,Fire,VA,Hillsdale,NO,,52700,5270,10540,36890,Toyota,Corolla,2005,N,Low,None,None,Afternoon,Single Vehicle,Multiple Witnesses,Basic
289,43,2002-12-21,OH,1387.51,FEMALE,Associate,sales,base-jumping,not-in-family,0,0,2015-01-11,Multi-vehicle Collision,Side Collision,Minor Damage,Fire,NY,Riverwood,YES,,68580,7620,7620,53340,Jeep,Wrangler,2010,N,Medium,None,Minor,Evening,Multi-Vehicle,Multiple Witnesses,Premium
427,60,2005-12-03,IN,1178.61,MALE,MD,craft-repair,board-games,own-child,0,-54400,2015-02-20,Single Vehicle Collision,Side Collision,Major Damage,Ambulance,NY,Springfield,YES,YES,90860,12980,19470,58410,Volkswagen,Jetta,2004,Y,Medium,Unknown,Minor,Evening,Single Vehicle,Multiple Witnesses,Basic
380,53,2011-05-25,IL,1166.62,MALE,Associate,priv-house-serv,bungie-jumping,wife,0,0,2015-02-24,Parked Car,,Trivial Damage,Police,NC,Northbend,NO,NO,5700,570,570,4560,Saab,93,2001,N,High,Unknown,None,Evening,Single Vehicle,Multiple Witnesses,Standard
13,21,2006-10-18,IN,1556.31,MALE,Associate,prof-specialty,golf,not-in-family,0,-75000,2015-01-19,Multi-vehicle Collision,Side Collision,Total Loss,Police,NY,Hillsdale,YES,YES,94930,8630,8630,77670,Accura,RSX,2014,N,Medium,None,Major,Evening,Multi-Vehicle,No Witness,Basic
282,43,2006-07-19,OH,1452.27,MALE,MD,farming-fishing,video-games,not-in-family,75800,0,2015-01-08,Single Vehicle Collision,Side Collision,Major Damage,Ambulance,SC,Northbend,NO,NO,46800,4680,9360,32760,Audi,A5,2007,Y,Low,None,Minor,Evening,Single Vehicle,Multiple Witnesses,Standard
312,47,2002-06-08,OH,1212.07,FEMALE,MD,exec-managerial,polo,wife,66900,-51800,2015-03-01,Multi-vehicle Collision,Side Collision,Total Loss,Fire,NY,Northbend,NO,NO,56320,7040,7040,42240,Mercedes,ML350,2000,N,Medium,None,Major,Afternoon,Multi-Vehicle,Multiple Witnesses,Premium
266,46,2009-02-12,OH,1578.54,MALE,Associate,handlers-cleaners,chess,husband,0,-41400,2015-01-21,Single Vehicle Collision,Front Collision,Minor Damage,Fire,WV,Hillsdale,NO,YES,83490,7590,15180,60720,Nissan,Pathfinder,1996,N,High,None,Minor,Evening,Single Vehicle,Multiple Witnesses,Basic
30,36,2001-05-14,IN,1488.26,FEMALE,College,machine-op-inspct,golf,wife,0,-63500,2015-02-28,Multi-vehicle Collision,Side Collision,Total Loss,Police,WV,Northbrook,NO,,57900,5790,5790,46320,Saab,95,2008,N,Low,None,Major,Afternoon,Multi-Vehicle,Multiple Witnesses,Premium
198,36,2001-02-16,IN,1096.39,MALE,High School,armed-forces,kayaking,own-child,0,0,2015-01-26,Multi-vehicle Collision,Rear Collision,Total Loss,Fire,SC,Springfield,,YES,49410,5490,5490,38430,Audi,A3,2015,N,Medium,None,Minor,Morning,Multi-Vehicle,Multiple Witnesses,Standard
290,45,1993-11-18,OH,1215.36,MALE,Associate,tech-support,reading,own-child,54400,0,2015-01-31,Multi-vehicle Collision,Side Collision,Minor Damage,Fire,WV,Northbend,,NO,66200,6620,6620,52960,Suburu,Impreza,2012,N,High,None,None,Evening,Multi-Vehicle,Single Witness,Premium
260,46,1990-02-18,OH,1482.57,MALE,MD,priv-house-serv,reading,husband,35000,0,2015-02-20,Single Vehicle Collision,Front Collision,Minor Damage,Fire,NY,Columbus,NO,NO,64080,10680,10680,42720,Toyota,Camry,2005,N,High,None,None,Morning,Single Vehicle,Single Witness,Basic
233,43,2000-05-21,OH,954.18,FEMALE,College,tech-support,dancing,other-relative,0,0,2015-02-17,Multi-vehicle Collision,Side Collision,Minor Damage,Other,SC,Northbrook,,YES,42500,8500,4250,29750,Nissan,Pathfinder,2000,N,Medium,None,Major,Afternoon,Multi-Vehicle,Multiple Witnesses,Standard
130,30,2012-08-26,IL,1193.4,MALE,PhD,exec-managerial,bungie-jumping,own-child,0,-40800,2015-02-02,Multi-vehicle Collision,Side Collision,Total Loss,Other,SC,Columbus,NO,,48950,8900,4450,35600,Suburu,Legacy,2005,N,High,None,Major,Afternoon,Multi-Vehicle,Multiple Witnesses,Premium
230,42,2004-11-16,IN,1023.11,FEMALE,MD,adm-clerical,golf,own-child,0,-45300,2015-02-06,Multi-vehicle Collision,Rear Collision,Minor Damage,Other,NY,Northbend,NO,YES,58850,10700,10700,37450,Accura,MDX,1999,N,Medium,None,Minor,Afternoon,Multi-Vehicle,Multiple Witnesses,Basic
212,40,2003-01-23,IL,1524.45,FEMALE,Masters,other-service,golf,husband,73200,0,2015-02-11,Multi-vehicle Collision,Side Collision,Minor Damage,Other,NY,Northbrook,YES,YES,82400,8240,8240,65920,Nissan,Pathfinder,2006,N,Medium,None,None,Afternoon,Multi-Vehicle,Multiple Witnesses,Premium
299,44,2008-11-07,OH,1653.32,FEMALE,College,other-service,bungie-jumping,other-relative,0,-48800,2015-01-25,Single Vehicle Collision,Rear Collision,Minor Damage,Ambulance,WV,Springfield,YES,,54240,6780,6780,40680,Suburu,Impreza,2009,N,Medium,None,Major,Early Morning,Single Vehicle,No Witness,Premium
91,26,1999-10-19,IL,1022.46,FEMALE,Associate,armed-forces,video-games,other-relative,52700,0,2015-02-23,Multi-vehicle Collision,Front Collision,Minor Damage,Other,SC,Arlington,,,74200,7420,7420,59360,Jeep,Wrangler,1996,N,Medium,None,None,Afternoon,Multi-Vehicle,Multiple Witnesses,Standard
398,53,1990-12-20,IL,1396.43,FEMALE,Associate,priv-house-serv,base-jumping,unmarried,21500,0,2015-01-29,Single Vehicle Collision,Front Collision,Total Loss,Fire,WV,Hillsdale,YES,,47430,5270,5270,36890,Toyota,Camry,2000,N,High,None,Major,Afternoon,Single Vehicle,Single Witness,Basic
218,43,1996-02-14,IL,1521.55,FEMALE,Associate,priv-house-serv,polo,other-relative,61100,-64500,2015-01-02,Single Vehicle Collision,Rear Collision,Major Damage,Fire,SC,Hillsdale,,YES,68200,13640,6820,47740,Dodge,RAM,2003,Y,Low,None,Minor,Evening,Single Vehicle,Multiple Witnesses,Standard
152,33,2001-06-10,IN,1034.27,FEMALE,JD,armed-forces,exercise,husband,0,0,2015-02-06,Single Vehicle Collision,Front Collision,Minor Damage,Fire,NY,Hillsdale,NO,NO,63900,7100,7100,49700,Accura,TL,2014,N,Medium,None,Minor,Evening,Single Vehicle,No Witness,Basic
212,39,2010-03-17,OH,1255.35,FEMALE,JD,protective-serv,skydiving,not-in-family,60300,-58900,2015-02-14,Multi-vehicle Collision,Rear Collision,Total Loss,Ambulance,NY,Riverwood,NO,YES,59300,11860,5930,41510,Dodge,RAM,2008,N,Medium,None,None,Evening,Two Vehicles,Multiple Witnesses,Basic
242,44,2003-07-30,IL,1396.89,FEMALE,College,priv-house-serv,chess,other-relative,0,-61600,2015-02-04,Multi-vehicle Collision,Front Collision,Minor Damage,Other,SC,Springfield,NO,YES,66900,6690,13380,46830,Suburu,Forrestor,1999,Y,High,Unknown,Minor,Afternoon,Multi-Vehicle,Multiple Witnesses,Premium
80,27,2014-09-17,OH,795.31,MALE,JD,farming-fishing,skydiving,husband,0,-51000,2015-02-12,Multi-vehicle Collision,Rear Collision,Major Damage,Police,OH,Arlington,YES,,40810,3710,7420,29680,Ford,F150,2000,Y,Low,None,Minor,Afternoon,Multi-Vehicle,Multiple Witnesses,Premium
260,43,2009-06-03,IN,982.22,FEMALE,JD,exec-managerial,skydiving,not-in-family,54500,-72100,2015-02-12,Single Vehicle Collision,Front Collision,Total Loss,Fire,NY,Riverwood,,,75400,15080,7540,52780,Honda,CRV,2011,N,Low,None,Minor,Evening,Single Vehicle,No Witness,Basic
133,34,1994-10-11,IN,1074.07,FEMALE,JD,prof-specialty,bungie-jumping,husband,70900,-61100,2015-01-28,Parked Car,,Minor Damage,,WV,Northbend,NO,YES,4200,420,840,2940,Jeep,Wrangler,2013,N,Low,None,Major,Morning,Single Vehicle,No Witness,Premium
290,45,1991-07-18,OH,1311.3,FEMALE,Associate,machine-op-inspct,chess,wife,38500,0,2015-01-10,Multi-vehicle Collision,Side Collision,Major Damage,Ambulance,NY,Hillsdale,YES,YES,52650,5850,5850,40950,Ford,F150,2001,Y,Medium,None,None,Evening,Multi-Vehicle,No Witness,Basic
322,49,2001-09-24,IL,1277.12,FEMALE,PhD,armed-forces,kayaking,own-child,0,-46000,2015-01-19,Single Vehicle Collision,Rear Collision,Major Damage,Ambulance,WV,Hillsdale,,YES,42240,7680,7680,26880,Chevrolet,Malibu,2007,N,High,None,None,Evening,Single Vehicle,Multiple Witnesses,Standard
228,39,2012-09-19,IN,1388.62,FEMALE,JD,sales,reading,husband,35200,0,2015-01-19,Single Vehicle Collision,Side Collision,Minor Damage,Other,NC,Riverwood,YES,YES,59490,6610,6610,46270,Mercedes,ML350,1995,N,Low,None,Minor,Morning,Single Vehicle,No Witness,Premium
195,37,1991-07-11,IL,1406.52,MALE,MD,tech-support,base-jumping,unmarried,0,0,2015-01-28,Single Vehicle Collision,Side Collision,Major Damage,Ambulance,SC,Arlington,NO,NO,44200,4420,4420,35360,Jeep,Wrangler,2002,Y,Medium,Unknown,None,Afternoon,Single Vehicle,Multiple Witnesses,Basic
247,39,1991-10-29,IN,1558.29,FEMALE,Masters,protective-serv,reading,unmarried,0,-49300,2015-02-16,Vehicle Theft,,Trivial Damage,Police,WV,Springfield,YES,,7700,770,1540,5390,Saab,93,2000,N,Low,None,Minor,Early Morning,Single Vehicle,Multiple Witnesses,Basic
405,57,1999-12-28,IN,1132.47,MALE,MD,priv-house-serv,exercise,other-relative,46300,0,2015-01-08,Multi-vehicle Collision,Front Collision,Total Loss,Other,NY,Northbend,,,61440,10240,10240,40960,Saab,93,2008,N,Medium,Unknown,Major,Evening,Multi-Vehicle,Multiple Witnesses,Premium
144,37,2012-10-11,OH,1896.91,FEMALE,PhD,handlers-cleaners,sleeping,not-in-family,73700,0,2015-01-24,Multi-vehicle Collision,Rear Collision,Major Damage,Fire,SC,Columbus,YES,NO,54400,5440,10880,38080,Chevrolet,Silverado,2015,Y,High,None,Minor,Afternoon,Multi-Vehicle,Multiple Witnesses,Standard
338,47,1995-08-19,IL,1143.46,MALE,MD,priv-house-serv,polo,other-relative,0,0,2015-02-18,Single Vehicle Collision,Front Collision,Total Loss,Other,NC,Arlington,YES,,58560,9760,9760,39040,Mercedes,E400,2002,N,Low,Unknown,Major,Early Morning,Single Vehicle,Single Witness,Premium
121,34,1991-02-11,IN,1285.42,MALE,MD,priv-house-serv,video-games,wife,0,0,2015-01-21,Single Vehicle Collision,Front Collision,Major Damage,Fire,VA,Northbrook,NO,NO,67300,6730,6730,53840,Dodge,RAM,2000,Y,Low,None,Minor,Morning,Single Vehicle,Single Witness,Premium
398,55,1991-07-02,OH,1305.26,MALE,MD,farming-fishing,skydiving,wife,66200,-49700,2015-01-08,Single Vehicle Collision,Rear Collision,Major Damage,Fire,VA,Hillsdale,,YES,36740,3340,6680,26720,BMW,X5,1998,Y,High,None,Minor,Evening,Single Vehicle,Multiple Witnesses,Standard
9,30,1994-04-10,IL,1073.83,FEMALE,High School,machine-op-inspct,dancing,not-in-family,0,0,2015-02-02,Single Vehicle Collision,Rear Collision,Total Loss,Police,NY,Northbrook,,NO,85690,15580,15580,54530,BMW,3 Series,2011,N,Medium,None,None,Afternoon,Single Vehicle,No Witness,Basic
115,31,2005-12-04,OH,1051.67,FEMALE,Associate,exec-managerial,bungie-jumping,not-in-family,0,0,2015-03-01,Multi-vehicle Collision,Side Collision,Major Damage,Ambulance,WV,Riverwood,YES,NO,34160,0,4270,29890,Audi,A5,2005,Y,Medium,None,None,Evening,Multi-Vehicle,Multiple Witnesses,Premium
280,48,2014-07-16,IL,1387.35,MALE,JD,transport-moving,paintball,not-in-family,0,-72000,2015-02-04,Single Vehicle Collision,Front Collision,Minor Damage,Fire,WV,Hillsdale,NO,,61320,10220,10220,40880,BMW,M5,1998,N,Medium,None,Major,Afternoon,Single Vehicle,Multiple Witnesses,Standard
254,45,2003-09-17,IL,1083.64,MALE,JD,other-service,paintball,husband,59800,0,2015-02-27,Multi-vehicle Collision,Rear Collision,Total Loss,Police,NC,Columbus,YES,,79680,13280,13280,53120,BMW,3 Series,2004,N,Low,None,None,Evening,Multi-Vehicle,No Witness,Standard
141,30,2000-07-15,IL,1851.78,FEMALE,High School,craft-repair,exercise,other-relative,78800,0,2015-02-09,Single Vehicle Collision,Front Collision,Total Loss,Fire,SC,Riverwood,NO,YES,61740,6860,6860,48020,Audi,A3,2002,N,Medium,None,Minor,Afternoon,Single Vehicle,No Witness,Standard
441,55,2009-07-29,IN,1270.29,MALE,College,armed-forces,exercise,husband,24000,-50500,2015-02-19,Parked Car,,Minor Damage,,VA,Arlington,NO,NO,6400,640,640,5120,Honda,Civic,2002,N,Low,Unknown,None,Early Morning,Single Vehicle,No Witness,Standard
381,55,1991-04-13,OH,1459.99,FEMALE,MD,other-service,chess,wife,35900,0,2015-01-12,Single Vehicle Collision,Rear Collision,Major Damage,Fire,SC,Northbrook,YES,YES,60600,12120,6060,42420,Accura,TL,2011,N,Low,None,Minor,Morning,Single Vehicle,Multiple Witnesses,Premium
191,38,2005-11-20,IL,1253.44,FEMALE,Masters,craft-repair,sleeping,not-in-family,0,0,2015-02-07,Multi-vehicle Collision,Side Collision,Major Damage,Ambulance,VA,Hillsdale,NO,NO,56320,10240,5120,40960,Volkswagen,Jetta,2007,N,High,None,Major,Evening,Multi-Vehicle,No Witness,Basic
145,34,1990-05-20,IN,1142.48,FEMALE,JD,priv-house-serv,sleeping,other-relative,0,0,2015-01-13,Single Vehicle Collision,Side Collision,Total Loss,Ambulance,NC,Northbend,YES,NO,52250,9500,4750,38000,Suburu,Legacy,2012,N,Medium,None,Major,Evening,Single Vehicle,No Witness,Basic
479,60,2002-11-28,IL,1188.45,FEMALE,MD,exec-managerial,camping,other-relative,0,-44800,2015-01-18,Multi-vehicle Collision,Rear Collision,Total Loss,Other,SC,Arlington,,,53900,5390,10780,37730,Saab,95,2006,N,Medium,None,None,Morning,Two Vehicles,Multiple Witnesses,Premium
215,35,2004-06-15,IL,1125.4,MALE,Masters,adm-clerical,yachting,husband,40000,-43400,2015-01-15,Vehicle Theft,,Trivial Damage,,WV,Columbus,,NO,2640,220,440,1980,Jeep,Wrangler,2001,N,Medium,None,Major,Morning,Single Vehicle,Single Witness,Premium
41,33,2010-09-26,OH,1294.41,MALE,High School,transport-moving,sleeping,husband,0,0,2015-02-23,Vehicle Theft,,Minor Damage,,NC,Arlington,YES,,8970,1380,1380,6210,Dodge,Neon,2011,N,Low,None,None,Morning,Single Vehicle,No Witness,Standard
45,31,1990-09-15,IN,1459.5,MALE,MD,priv-house-serv,movies,not-in-family,0,0,2015-02-17,Parked Car,,Minor Damage,,NY,Springfield,,,6000,1000,1000,4000,Suburu,Impreza,2000,N,Low,None,Minor,Morning,Single Vehicle,Multiple Witnesses,Basic
156,38,2009-09-16,IL,1367.99,MALE,High School,armed-forces,board-games,own-child,26500,0,2015-02-17,Multi-vehicle Collision,Front Collision,Major Damage,Fire,WV,Northbend,,,55200,11040,5520,38640,Saab,92x,1998,Y,Low,None,None,Evening,Multi-Vehicle,Multiple Witnesses,Basic
246,45,1999-08-12,IN,1594.37,MALE,Associate,exec-managerial,board-games,own-child,0,0,2015-01-18,Parked Car,,Trivial Damage,,SC,Riverwood,NO,YES,7260,660,1320,5280,Saab,92x,2008,N,Low,None,None,Afternoon,Single Vehicle,Multiple Witnesses,Standard
178,39,2009-03-08,IL,1035.99,FEMALE,JD,exec-managerial,sleeping,own-child,0,0,2015-01-17,Multi-vehicle Collision,Front Collision,Minor Damage,Police,NY,Springfield,NO,,64680,11760,11760,41160,Jeep,Wrangler,2010,N,Low,None,Major,Early Morning,Multi-Vehicle,No Witness,Basic
237,43,2009-04-27,OH,911.53,FEMALE,PhD,sales,basketball,husband,53200,0,2015-02-25,Single Vehicle Collision,Rear Collision,Major Damage,Police,WV,Northbrook,NO,NO,59200,0,11840,47360,Chevrolet,Malibu,1998,N,Low,None,None,Evening,Single Vehicle,Single Witness,Standard
127,34,2006-08-02,OH,1319.97,FEMALE,Associate,craft-repair,paintball,own-child,73700,0,2015-01-06,Vehicle Theft,,Minor Damage,,NC,Arlington,YES,,4700,470,940,3290,Saab,92x,1998,N,Low,None,Minor,Morning,Single Vehicle,Multiple Witnesses,Premium
1,33,1995-12-06,OH,1391.63,MALE,Associate,sales,video-games,husband,61200,0,2015-02-26,Single Vehicle Collision,Side Collision,Total Loss,Other,NY,Columbus,YES,NO,69400,6940,6940,55520,Mercedes,C300,2000,N,High,None,None,Evening,Single Vehicle,Multiple Witnesses,Standard
5,21,2002-11-13,IN,915.41,FEMALE,High School,exec-managerial,sleeping,own-child,0,0,2015-02-11,Single Vehicle Collision,Side Collision,Total Loss,Police,NY,Northbrook,YES,NO,40500,4050,4050,32400,Nissan,Pathfinder,1998,N,Low,Unknown,None,Evening,Single Vehicle,No Witness,Standard
64,28,1991-11-09,IL,1468.82,MALE,JD,handlers-cleaners,skydiving,other-relative,56800,-51800,2015-02-13,Multi-vehicle Collision,Side Collision,Minor Damage,Fire,SC,Riverwood,NO,NO,60000,5000,10000,45000,Honda,Accord,1997,N,Medium,None,Major,Morning,Multi-Vehicle,Single Witness,Premium
142,30,1998-01-14,IN,1412.76,MALE,PhD,armed-forces,basketball,wife,66400,-63700,2015-01-10,Single Vehicle Collision,Side Collision,Minor Damage,Other,WV,Riverwood,YES,NO,67320,11220,11220,44880,Volkswagen,Jetta,1996,N,Low,None,Major,Evening,Single Vehicle,Multiple Witnesses,Premium
97,27,2002-04-25,OH,1588.26,FEMALE,High School,tech-support,movies,husband,56700,-49300,2015-01-24,Multi-vehicle Collision,Side Collision,Total Loss,Other,VA,Riverwood,YES,YES,75690,8410,8410,58870,Saab,95,2014,N,Low,None,Major,Evening,Multi-Vehicle,Single Witness,Premium
121,31,1991-07-20,IN,1140.91,MALE,Associate,adm-clerical,paintball,other-relative,51300,0,2015-02-15,Multi-vehicle Collision,Side Collision,Major Damage,Fire,VA,Northbend,NO,,64300,6430,6430,51440,Chevrolet,Silverado,2002,Y,Medium,None,Minor,Afternoon,Multi-Vehicle,Multiple Witnesses,Basic
225,43,2004-08-13,OH,1517.54,MALE,JD,priv-house-serv,camping,own-child,0,-20900,2015-01-09,Multi-vehicle Collision,Rear Collision,Major Damage,Police,SC,Columbus,NO,YES,64400,6440,6440,51520,BMW,X5,2011,N,Medium,None,Major,Afternoon,Multi-Vehicle,No Witness,Basic
425,53,1990-06-24,OH,912.29,FEMALE,High School,priv-house-serv,paintball,husband,42900,-39100,2015-01-31,Multi-vehicle Collision,Front Collision,Minor Damage,Fire,WV,Northbend,,,97080,16180,16180,64720,Saab,92x,2005,N,High,None,Minor,Afternoon,Multi-Vehicle,Multiple Witnesses,Standard
285,44,1991-08-21,OH,1144.3,MALE,MD,priv-house-serv,base-jumping,not-in-family,52600,0,2015-02-04,Vehicle Theft,,Minor Damage,Police,WV,Northbrook,YES,,5500,500,500,4500,Honda,Civic,2010,N,High,None,Minor,Early Morning,Single Vehicle,No Witness,Standard
192,38,2011-02-25,IN,1281.43,FEMALE,Masters,transport-moving,skydiving,not-in-family,65100,-50300,2015-01-30,Multi-vehicle Collision,Rear Collision,Total Loss,Other,SC,Northbend,,NO,30700,3070,6140,21490,Jeep,Wrangler,2010,N,Medium,None,None,Morning,Multi-Vehicle,Multiple Witnesses,Premium
285,48,2013-02-04,IL,1101.85,FEMALE,College,sales,dancing,wife,46100,0,2015-02-27,Single Vehicle Collision,Side Collision,Minor Damage,Police,PA,Springfield,NO,YES,33480,3720,3720,26040,Nissan,Pathfinder,2012,N,High,None,Minor,Morning,Single Vehicle,Multiple Witnesses,Basic
98,26,2001-02-20,IN,1082.1,MALE,JD,exec-managerial,kayaking,other-relative,0,-30900,2015-02-05,Multi-vehicle Collision,Front Collision,Total Loss,Police,WV,Northbend,,YES,65430,14540,7270,43620,Jeep,Wrangler,2001,N,High,None,None,Afternoon,Two Vehicles,Single Witness,Premium
175,36,1992-03-03,OH,1185.44,MALE,Masters,exec-managerial,kayaking,not-in-family,44900,-52500,2015-01-30,Multi-vehicle Collision,Rear Collision,Major Damage,Police,NC,Northbend,YES,YES,42680,3880,7760,31040,Accura,RSX,2006,Y,Low,None,Major,Afternoon,Multi-Vehicle,Single Witness,Premium
259,45,2006-12-21,IL,1175.07,MALE,MD,craft-repair,movies,not-in-family,30100,0,2015-01-03,Single Vehicle Collision,Side Collision,Minor Damage,Fire,WV,Springfield,,NO,87780,7980,7980,71820,Honda,CRV,2011,N,High,None,Minor,Evening,Single Vehicle,Single Witness,Premium
140,36,2000-07-14,OH,979.26,FEMALE,JD,transport-moving,cross-fit,own-child,0,-67000,2015-03-01,Multi-vehicle Collision,Front Collision,Major Damage,Fire,NY,Riverwood,YES,YES,72800,14560,14560,43680,Honda,Accord,1998,N,High,None,None,Early Morning,Multi-Vehicle,Multiple Witnesses,Premium
231,37,1991-12-12,OH,920.81,FEMALE,High School,sales,chess,wife,0,0,2015-02-13,Single Vehicle Collision,Rear Collision,Major Damage,Fire,SC,Hillsdale,YES,,71190,0,7910,63280,Mercedes,C300,1997,Y,Low,None,Major,Afternoon,Single Vehicle,No Witness,Standard
186,38,2013-07-01,OH,922.85,MALE,High School,adm-clerical,golf,husband,70300,-70900,2015-02-25,Vehicle Theft,,Trivial Damage,,NY,Hillsdale,,YES,3600,400,400,2800,Honda,Civic,1999,N,Low,None,Minor,Morning,Single Vehicle,Single Witness,Basic
229,41,1998-12-16,OH,1107.59,MALE,PhD,tech-support,chess,not-in-family,65400,0,2015-01-23,Single Vehicle Collision,Side Collision,Major Damage,Other,NY,Columbus,NO,NO,62640,10440,10440,41760,Mercedes,C300,2009,N,High,Premium,Minor,Evening,Single Vehicle,Multiple Witnesses,Standard
180,36,2015-01-03,IL,1272.46,MALE,College,prof-specialty,exercise,wife,0,0,2015-02-19,Multi-vehicle Collision,Front Collision,Minor Damage,Ambulance,NY,Northbrook,YES,,69630,12660,6330,50640,Toyota,Corolla,1998,N,Low,None,Major,Morning,Multi-Vehicle,Single Witness,Basic
188,33,1994-04-01,IL,1340.24,MALE,High School,protective-serv,chess,own-child,0,-68800,2015-02-08,Multi-vehicle Collision,Rear Collision,Minor Damage,Police,NY,Hillsdale,YES,,76010,13820,6910,55280,Dodge,RAM,1995,Y,Medium,None,Minor,Morning,Multi-Vehicle,No Witness,Standard
214,40,2000-08-15,OH,1648.0,MALE,JD,transport-moving,base-jumping,not-in-family,57700,-43500,2015-02-04,Single Vehicle Collision,Rear Collision,Total Loss,Other,WV,Northbrook,NO,YES,44220,8040,4020,32160,Accura,MDX,2000,N,Medium,None,Minor,Afternoon,Single Vehicle,No Witness,Basic
178,38,2014-11-13,IL,1381.14,FEMALE,College,other-service,camping,wife,0,0,2015-02-22,Multi-vehicle Collision,Rear Collision,Minor Damage,Other,NY,Northbrook,NO,NO,57200,5200,10400,41600,BMW,M5,2011,N,Low,None,None,Morning,Multi-Vehicle,Multiple Witnesses,Standard
55,35,2011-02-04,IL,1198.44,MALE,MD,priv-house-serv,polo,wife,0,0,2015-01-14,Vehicle Theft,,Minor Damage,Police,WV,Columbus,NO,NO,3080,560,560,1960,Nissan,Ultima,1998,N,Low,Unknown,None,Morning,Single Vehicle,Multiple Witnesses,Premium
90,31,1990-06-24,OH,951.27,FEMALE,PhD,other-service,hiking,not-in-family,42100,0,2015-01-06,Single Vehicle Collision,Rear Collision,Total Loss,Other,SC,Hillsdale,YES,YES,75790,13780,6890,55120,Accura,RSX,2007,N,High,None,Minor,Early Morning,Single Vehicle,No Witness,Standard
135,30,2009-01-21,IN,1341.24,FEMALE,MD,farming-fishing,skydiving,wife,37100,-46500,2015-01-19,Multi-vehicle Collision,Rear Collision,Minor Damage,Ambulance,WV,Riverwood,NO,NO,32670,5940,2970,23760,Honda,Accord,2003,N,High,None,None,Evening,Multi-Vehicle,Single Witness,Premium
277,46,1992-11-07,IL,1177.57,FEMALE,Associate,adm-clerical,video-games,husband,0,-65500,2015-01-24,Vehicle Theft,,Minor Damage,Police,VA,Arlington,,NO,3870,430,860,2580,Jeep,Wrangler,2010,N,High,None,Major,Early Morning,Single Vehicle,Multiple Witnesses,Standard
211,38,1997-05-15,IN,1055.09,FEMALE,Masters,transport-moving,video-games,own-child,0,0,2015-01-27,Single Vehicle Collision,Front Collision,Total Loss,Fire,NY,Columbus,,YES,91520,8320,16640,66560,BMW,X6,2005,Y,Medium,None,None,Afternoon,Single Vehicle,Multiple Witnesses,Standard
156,32,1992-03-20,IL,1479.48,MALE,Masters,prof-specialty,bungie-jumping,unmarried,0,0,2015-01-13,Single Vehicle Collision,Front Collision,Major Damage,Other,NY,Northbrook,YES,YES,74690,6790,13580,54320,Dodge,RAM,2008,Y,Low,None,Minor,Afternoon,Single Vehicle,Multiple Witnesses,Standard
84,30,1995-07-17,IN,1827.38,MALE,Associate,priv-house-serv,polo,other-relative,0,-15900,2015-01-15,Vehicle Theft,,Trivial Damage,Police,VA,Springfield,YES,,4620,420,840,3360,Audi,A5,1998,N,High,None,Minor,Morning,Single Vehicle,Multiple Witnesses,Premium
136,32,2000-12-27,IN,1169.62,FEMALE,JD,sales,yachting,not-in-family,0,0,2015-02-04,Single Vehicle Collision,Side Collision,Major Damage,Police,SC,Arlington,YES,NO,55000,10000,10000,35000,Toyota,Camry,2008,Y,Low,None,None,Morning,Single Vehicle,No Witness,Basic
310,48,1999-08-06,IN,1516.34,FEMALE,JD,adm-clerical,sleeping,unmarried,11000,0,2015-01-04,Multi-vehicle Collision,Rear Collision,Major Damage,Police,SC,Springfield,YES,NO,59400,13200,6600,39600,Saab,93,1996,Y,Low,None,None,Morning,Multi-Vehicle,Multiple Witnesses,Basic
123,34,2007-03-03,OH,1270.21,FEMALE,College,sales,sleeping,husband,16100,-61200,2015-01-14,Multi-vehicle Collision,Side Collision,Total Loss,Fire,PA,Columbus,NO,,55260,6140,0,49120,Nissan,Ultima,2000,N,High,None,Minor,Afternoon,Multi-Vehicle,Single Witness,Premium
243,44,1997-12-25,IL,809.11,MALE,JD,craft-repair,polo,other-relative,33200,0,2015-01-27,Multi-vehicle Collision,Side Collision,Minor Damage,Other,NC,Springfield,,YES,51400,5140,10280,35980,Honda,Civic,1996,N,Low,None,Major,Early Morning,Multi-Vehicle,Single Witness,Standard
36,37,2013-11-06,IL,1115.81,FEMALE,Masters,machine-op-inspct,reading,husband,0,-59800,2015-02-12,Multi-vehicle Collision,Side Collision,Minor Damage,Ambulance,NY,Columbus,YES,,48780,5420,10840,32520,Dodge,Neon,2008,N,Medium,None,Minor,Evening,Multi-Vehicle,Multiple Witnesses,Premium
146,31,1990-09-21,OH,1457.65,FEMALE,College,armed-forces,camping,own-child,0,0,2015-02-03,Multi-vehicle Collision,Rear Collision,Major Damage,Ambulance,VA,Riverwood,NO,,52380,5820,5820,40740,Toyota,Highlander,2010,N,Medium,Unknown,Minor,Early Morning,Multi-Vehicle,Multiple Witnesses,Basic
154,34,1999-10-05,OH,1041.36,FEMALE,JD,priv-house-serv,cross-fit,husband,53100,-43900,2015-01-26,Multi-vehicle Collision,Side Collision,Total Loss,Other,WV,Hillsdale,,YES,74360,13520,13520,47320,Toyota,Highlander,2005,Y,Medium,None,Major,Evening,Multi-Vehicle,Multiple Witnesses,Basic
204,40,1992-04-07,OH,1693.83,MALE,High School,protective-serv,polo,other-relative,44000,-20800,2015-01-09,Single Vehicle Collision,Front Collision,Minor Damage,Police,NY,Northbrook,,,53400,5340,5340,42720,Honda,CRV,2003,N,Medium,Unknown,Minor,Morning,Single Vehicle,No Witness,Standard
458,59,2009-03-05,IN,1685.69,FEMALE,High School,protective-serv,hiking,wife,31400,0,2015-02-17,Single Vehicle Collision,Front Collision,Total Loss,Police,VA,Hillsdale,,YES,71800,14360,14360,43080,Jeep,Grand Cherokee,1995,N,Medium,None,Major,Evening,Single Vehicle,Multiple Witnesses,Basic
147,31,1997-02-10,IN,1054.92,FEMALE,PhD,prof-specialty,exercise,own-child,51900,0,2015-01-16,Single Vehicle Collision,Front Collision,Major Damage,Other,NY,Northbrook,,,68240,8530,0,59710,Toyota,Corolla,2013,Y,Low,Unknown,None,Early Morning,Single Vehicle,No Witness,Standard
279,45,1992-01-28,IN,1333.97,FEMALE,MD,other-service,bungie-jumping,unmarried,61100,-30700,2015-01-12,Multi-vehicle Collision,Rear Collision,Major Damage,Other,SC,Arlington,,,61050,11100,11100,38850,Dodge,RAM,2011,Y,High,Unknown,Minor,Evening,Multi-Vehicle,No Witness,Standard
308,47,2013-09-16,OH,1013.61,FEMALE,Associate,craft-repair,movies,own-child,45700,-41400,2015-01-03,Parked Car,,Minor Damage,,NY,Springfield,,YES,5590,860,860,3870,Suburu,Impreza,2002,N,Medium,Unknown,Minor,Morning,Single Vehicle,Single Witness,Basic
284,48,2008-05-16,IL,958.3,FEMALE,PhD,machine-op-inspct,exercise,husband,47900,0,2015-01-22,Multi-vehicle Collision,Side Collision,Major Damage,Fire,NY,Columbus,,,46860,8520,8520,29820,Volkswagen,Passat,1998,N,Low,None,None,Evening,Multi-Vehicle,No Witness,Premium
108,31,2002-01-04,IN,1112.04,FEMALE,PhD,other-service,base-jumping,own-child,52800,-54300,2015-01-13,Parked Car,,Minor Damage,,SC,Arlington,NO,NO,4290,780,780,2730,Volkswagen,Passat,1998,N,High,Unknown,Minor,Early Morning,Single Vehicle,Multiple Witnesses,Standard
421,57,2002-04-02,IN,1206.26,FEMALE,Associate,armed-forces,bungie-jumping,own-child,69900,0,2015-01-31,Multi-vehicle Collision,Front Collision,Minor Damage,Police,NC,Arlington,YES,NO,78500,15700,7850,54950,Audi,A3,2015,N,High,None,None,Evening,Multi-Vehicle,No Witness,Standard
266,42,1998-07-16,IL,763.67,MALE,Associate,prof-specialty,movies,own-child,12800,-49700,2015-02-04,Single Vehicle Collision,Side Collision,Total Loss,Police,SC,Northbrook,YES,YES,70830,7870,7870,55090,Jeep,Grand Cherokee,2005,N,Medium,None,Minor,Afternoon,Single Vehicle,Multiple Witnesses,Premium
412,56,2002-08-15,IL,1042.56,MALE,High School,handlers-cleaners,yachting,own-child,0,-66100,2015-01-20,Multi-vehicle Collision,Front Collision,Total Loss,Police,SC,Springfield,NO,NO,68040,15120,7560,45360,Suburu,Forrestor,1997,N,Low,None,None,Evening,Multi-Vehicle,Multiple Witnesses,Standard
31,32,1999-09-07,IL,1263.48,FEMALE,JD,other-service,hiking,wife,46800,-87300,2015-02-07,Single Vehicle Collision,Side Collision,Major Damage,Fire,WV,Hillsdale,,,63600,5300,10600,47700,Audi,A5,1997,Y,High,Unknown,Major,Morning,Single Vehicle,No Witness,Basic
465,63,2012-01-12,IL,1006.99,FEMALE,Masters,sales,board-games,own-child,0,0,2015-02-05,Single Vehicle Collision,Side Collision,Minor Damage,Other,WV,Columbus,NO,,43560,4840,4840,33880,Suburu,Legacy,2015,N,Low,Unknown,None,Morning,Single Vehicle,Multiple Witnesses,Standard
126,31,1996-08-18,OH,1328.26,MALE,Masters,sales,exercise,not-in-family,42300,-45800,2015-01-02,Single Vehicle Collision,Front Collision,Total Loss,Police,WV,Hillsdale,NO,NO,60840,13520,6760,40560,Suburu,Forrestor,2011,N,Medium,None,Minor,Afternoon,Single Vehicle,Single Witness,Standard
407,55,1996-03-11,OH,1250.08,FEMALE,PhD,tech-support,bungie-jumping,wife,0,-57700,2015-02-08,Multi-vehicle Collision,Side Collision,Total Loss,Police,WV,Arlington,,YES,68160,11360,11360,45440,Ford,Escape,2010,N,Medium,Unknown,Major,Early Morning,Multi-Vehicle,Multiple Witnesses,Basic
101,27,1997-11-23,IL,982.7,FEMALE,College,transport-moving,video-games,unmarried,30800,-43700,2015-01-13,Parked Car,,Minor Damage,,SC,Arlington,NO,NO,5170,940,470,3760,Toyota,Camry,2001,N,Low,Unknown,Minor,Morning,Single Vehicle,No Witness,Premium
187,37,2013-08-08,IN,1412.06,FEMALE,Masters,protective-serv,reading,not-in-family,60100,0,2015-01-16,Single Vehicle Collision,Side Collision,Total Loss,Ambulance,NC,Riverwood,,,57700,5770,5770,46160,Nissan,Maxima,2000,N,Medium,Unknown,None,Evening,Single Vehicle,Multiple Witnesses,Premium
252,46,1996-11-30,IN,1066.7,FEMALE,JD,handlers-cleaners,sleeping,own-child,0,0,2015-01-30,Multi-vehicle Collision,Front Collision,Total Loss,Other,VA,Northbend,NO,NO,89520,14920,14920,59680,Audi,A3,2014,N,High,None,None,Evening,Multi-Vehicle,Multiple Witnesses,Premium
229,43,1997-06-18,IN,1585.54,MALE,High School,protective-serv,reading,not-in-family,42600,-44400,2015-02-26,Vehicle Theft,,Minor Damage,,WV,Hillsdale,NO,YES,4620,420,840,3360,Volkswagen,Jetta,2012,N,High,None,Minor,Early Morning,Single Vehicle,No Witness,Standard
246,39,2007-04-19,IN,1416.08,FEMALE,JD,craft-repair,yachting,other-relative,0,-36600,2015-01-27,Single Vehicle Collision,Rear Collision,Minor Damage,Ambulance,WV,Northbrook,YES,,45180,5020,5020,35140,Honda,CRV,2004,N,Medium,None,None,Afternoon,Single Vehicle,Multiple Witnesses,Standard
190,38,2007-09-19,OH,1246.03,MALE,JD,craft-repair,movies,unmarried,61900,-50000,2015-01-28,Single Vehicle Collision,Side Collision,Total Loss,Other,NY,Riverwood,YES,NO,45100,9020,4510,31570,Nissan,Maxima,2013,N,Low,None,None,Afternoon,Single Vehicle,No Witness,Standard
95,32,1996-12-21,IN,1356.64,MALE,Masters,machine-op-inspct,golf,not-in-family,67800,-48600,2015-02-23,Multi-vehicle Collision,Side Collision,Total Loss,Police,SC,Springfield,YES,YES,83160,15120,15120,52920,Toyota,Camry,2003,N,High,None,None,Evening,Multi-Vehicle,Multiple Witnesses,Premium
205,42,2008-02-03,IL,1387.7,FEMALE,High School,priv-house-serv,skydiving,other-relative,0,0,2015-01-18,Single Vehicle Collision,Rear Collision,Minor Damage,Police,WV,Columbus,NO,NO,86130,15660,15660,54810,Chevrolet,Silverado,1995,N,High,Unknown,Major,Evening,Single Vehicle,Single Witness,Basic
41,25,2003-07-16,OH,1004.14,MALE,Masters,priv-house-serv,sleeping,wife,35400,0,2015-02-15,Multi-vehicle Collision,Front Collision,Major Damage,Fire,NC,Hillsdale,NO,NO,48000,9600,4800,33600,Dodge,RAM,1995,N,Medium,None,Minor,Afternoon,Multi-Vehicle,Multiple Witnesses,Basic
137,35,1991-05-05,OH,1107.07,FEMALE,High School,protective-serv,movies,husband,0,-45300,2015-02-04,Vehicle Theft,,Minor Damage,Police,VA,Hillsdale,NO,YES,3300,600,600,2100,Saab,92x,2008,N,Low,None,None,Evening,Single Vehicle,No Witness,Premium
194,34,1991-06-16,IL,1429.96,FEMALE,JD,protective-serv,board-games,husband,67800,0,2015-01-12,Multi-vehicle Collision,Rear Collision,Minor Damage,Ambulance,NY,Northbend,NO,YES,57200,11440,5720,40040,Toyota,Camry,2005,N,Low,None,Minor,Morning,Multi-Vehicle,Multiple Witnesses,Basic
128,35,2001-04-03,IN,1074.99,FEMALE,Associate,adm-clerical,bungie-jumping,husband,0,-48800,2015-01-02,Vehicle Theft,,Trivial Damage,Police,VA,Columbus,,,7590,1380,690,5520,Accura,MDX,2012,N,Medium,None,Major,Afternoon,Single Vehicle,No Witness,Standard
150,37,2014-03-16,OH,1007.0,FEMALE,PhD,transport-moving,board-games,unmarried,30400,-89400,2015-01-27,Single Vehicle Collision,Rear Collision,Total Loss,Police,VA,Arlington,NO,,80080,12320,12320,55440,Chevrolet,Silverado,2013,N,Medium,None,None,Morning,Single Vehicle,Multiple Witnesses,Premium
104,30,2010-08-03,OH,1052.85,FEMALE,MD,protective-serv,skydiving,other-relative,0,-70100,2015-02-09,Vehicle Theft,,Minor Damage,Police,WV,Riverwood,NO,YES,4800,960,480,3360,BMW,3 Series,2006,N,Low,None,None,Morning,Single Vehicle,No Witness,Basic
163,37,2009-11-25,IN,1200.33,FEMALE,High School,craft-repair,cross-fit,own-child,0,-36400,2015-02-06,Vehicle Theft,,Minor Damage,Police,WV,Springfield,,YES,3900,390,780,2730,Volkswagen,Jetta,2008,Y,Medium,Unknown,Major,Morning,Single Vehicle,Single Witness,Premium
80,26,2001-05-08,IL,1343.0,MALE,Masters,handlers-cleaners,camping,other-relative,64600,0,2015-01-03,Single Vehicle Collision,Front Collision,Minor Damage,Other,SC,Arlington,,NO,90400,9040,9040,72320,BMW,3 Series,1995,N,Medium,None,None,Afternoon,Single Vehicle,No Witness,Basic
65,29,2004-06-14,OH,1441.6,FEMALE,MD,sales,kayaking,own-child,0,0,2015-01-12,Multi-vehicle Collision,Rear Collision,Minor Damage,Other,NC,Columbus,YES,,62900,6290,12580,44030,Jeep,Grand Cherokee,1998,N,High,Unknown,None,Evening,Multi-Vehicle,No Witness,Standard
179,32,1994-08-07,OH,1433.42,FEMALE,Associate,protective-serv,base-jumping,own-child,53800,0,2015-01-22,Single Vehicle Collision,Rear Collision,Major Damage,Police,NC,Arlington,YES,NO,54200,5420,10840,37940,Nissan,Ultima,2014,Y,Medium,Unknown,Minor,Early Morning,Single Vehicle,Multiple Witnesses,Basic
372,50,2004-08-26,OH,1368.57,FEMALE,MD,tech-support,paintball,other-relative,0,0,2015-01-03,Multi-vehicle Collision,Side Collision,Major Damage,Police,NY,Northbend,NO,YES,51800,5180,10360,36260,Accura,MDX,2003,N,High,None,Major,Evening,Multi-Vehicle,Multiple Witnesses,Premium
398,55,1990-05-25,OH,862.19,MALE,High School,adm-clerical,movies,unmarried,69400,0,2015-02-23,Vehicle Theft,,Trivial Damage,Police,SC,Northbend,,,6600,600,1200,4800,Accura,MDX,2012,N,Low,None,Major,Morning,Single Vehicle,Multiple Witnesses,Standard
213,35,1990-09-20,OH,871.46,MALE,MD,tech-support,movies,husband,58500,-77700,2015-01-22,Single Vehicle Collision,Side Collision,Total Loss,Fire,SC,Northbrook,YES,YES,74140,13480,6740,53920,Ford,Escape,2007,N,Low,None,Major,Afternoon,Single Vehicle,No Witness,Standard
79,25,2000-11-05,OH,1863.04,FEMALE,Associate,priv-house-serv,paintball,not-in-family,53400,-35200,2015-02-13,Single Vehicle Collision,Front Collision,Total Loss,Fire,VA,Northbend,NO,,67800,13560,6780,47460,Mercedes,C300,1995,N,Low,None,Major,Early Morning,Single Vehicle,Single Witness,Premium
232,44,1994-10-03,OH,1181.64,MALE,College,other-service,exercise,wife,25800,0,2015-02-08,Single Vehicle Collision,Rear Collision,Major Damage,Fire,NY,Northbend,,YES,55400,5540,11080,38780,Jeep,Grand Cherokee,2002,Y,High,None,Minor,Evening,Single Vehicle,Single Witness,Standard
230,37,2005-04-11,IL,1060.74,MALE,PhD,tech-support,reading,own-child,0,-51500,2015-01-09,Single Vehicle Collision,Rear Collision,Major Damage,Ambulance,SC,Columbus,YES,,49100,9820,4910,34370,Suburu,Impreza,1996,Y,Medium,None,Major,Afternoon,Single Vehicle,Multiple Witnesses,Premium
234,41,1990-05-16,IN,951.56,FEMALE,JD,transport-moving,video-games,wife,59400,-78600,2015-02-08,Multi-vehicle Collision,Side Collision,Major Damage,Police,SC,Riverwood,NO,,98280,15120,7560,75600,Chevrolet,Tahoe,2007,Y,Low,None,Major,Early Morning,Multi-Vehicle,Single Witness,Basic
240,40,2004-09-11,IN,1533.71,FEMALE,JD,protective-serv,polo,own-child,0,-70900,2015-01-10,Multi-vehicle Collision,Rear Collision,Total Loss,Fire,VA,Northbend,YES,,66550,6050,12100,48400,Ford,Escape,2008,N,Low,Unknown,None,Evening,Two Vehicles,Multiple Witnesses,Basic
143,33,1993-11-30,OH,1200.09,FEMALE,Associate,craft-repair,board-games,unmarried,38400,-5700,2015-01-26,Multi-vehicle Collision,Side Collision,Major Damage,Fire,WV,Arlington,,,70400,14080,7040,49280,Accura,RSX,2002,N,Medium,None,Major,Afternoon,Multi-Vehicle,Multiple Witnesses,Premium
266,42,2003-03-06,IN,1093.83,MALE,Associate,adm-clerical,board-games,other-relative,0,-49600,2015-02-21,Multi-vehicle Collision,Side Collision,Major Damage,Ambulance,WV,Springfield,,NO,53280,4440,8880,39960,Suburu,Impreza,2015,Y,Low,Unknown,Minor,Evening,Multi-Vehicle,Single Witness,Basic
89,32,1996-12-18,IN,988.93,FEMALE,High School,craft-repair,golf,unmarried,27600,0,2015-01-23,Single Vehicle Collision,Front Collision,Total Loss,Other,NY,Columbus,,YES,84590,15380,15380,53830,Dodge,Neon,1999,N,Medium,None,Major,Morning,Single Vehicle,Multiple Witnesses,Standard
229,37,1995-02-21,IN,1331.94,FEMALE,Masters,farming-fishing,base-jumping,not-in-family,0,-55400,2015-02-05,Single Vehicle Collision,Rear Collision,Total Loss,Other,NY,Columbus,NO,YES,54560,9920,9920,34720,Saab,95,2004,N,Medium,None,None,Afternoon,Single Vehicle,Multiple Witnesses,Premium
245,40,2009-12-11,IL,1361.45,MALE,PhD,handlers-cleaners,camping,unmarried,39300,0,2015-02-15,Single Vehicle Collision,Rear Collision,Minor Damage,Ambulance,OH,Northbend,YES,YES,82170,7470,7470,67230,Suburu,Forrestor,1999,N,Medium,None,None,Afternoon,Single Vehicle,Multiple Witnesses,Premium
50,44,2000-10-18,OH,1188.51,MALE,College,handlers-cleaners,bungie-jumping,unmarried,0,-65800,2015-01-08,Multi-vehicle Collision,Front Collision,Total Loss,Police,NY,Northbend,,NO,61100,6110,12220,42770,Dodge,Neon,2008,N,High,None,Minor,Afternoon,Multi-Vehicle,Multiple Witnesses,Standard
230,43,2007-02-09,IN,1101.83,MALE,High School,exec-managerial,cross-fit,other-relative,28900,0,2015-01-01,Multi-vehicle Collision,Front Collision,Minor Damage,Police,NY,Arlington,,YES,51900,5190,10380,36330,BMW,M5,2011,Y,High,None,None,Early Morning,Multi-Vehicle,Multiple Witnesses,Premium
17,39,2006-10-28,IL,840.95,FEMALE,JD,adm-clerical,hiking,unmarried,32500,-80800,2015-02-26,Parked Car,,Trivial Damage,Police,SC,Arlington,,,3440,430,430,2580,Suburu,Legacy,2002,N,Medium,None,Major,Morning,Single Vehicle,Single Witness,Standard
163,36,2000-01-27,IN,1503.21,MALE,MD,other-service,cross-fit,husband,55700,-49900,2015-02-28,Single Vehicle Collision,Side Collision,Total Loss,Ambulance,WV,Springfield,YES,NO,51390,5710,11420,34260,Toyota,Corolla,2013,N,Medium,None,Major,Early Morning,Single Vehicle,Single Witness,Standard
29,32,2002-04-05,OH,1722.5,MALE,High School,other-service,base-jumping,wife,0,-21500,2015-01-13,Single Vehicle Collision,Side Collision,Major Damage,Other,WV,Columbus,,,76900,7690,7690,61520,Jeep,Wrangler,1995,N,Medium,None,None,Evening,Single Vehicle,Multiple Witnesses,Basic
232,42,2013-04-30,IN,944.03,MALE,College,handlers-cleaners,kayaking,not-in-family,0,-58400,2015-02-19,Single Vehicle Collision,Rear Collision,Minor Damage,Other,WV,Riverwood,YES,,77000,15400,7700,53900,Toyota,Highlander,2015,Y,Low,None,Major,Morning,Single Vehicle,Multiple Witnesses,Basic
235,39,2013-05-01,IL,1453.61,MALE,JD,craft-repair,yachting,other-relative,0,0,2015-01-13,Single Vehicle Collision,Side Collision,Major Damage,Other,NC,Hillsdale,,,60320,9280,9280,41760,Chevrolet,Tahoe,2012,Y,High,Unknown,None,Morning,Single Vehicle,Multiple Witnesses,Premium
295,46,1999-01-09,IN,1672.88,FEMALE,High School,armed-forces,dancing,wife,0,0,2015-02-17,Single Vehicle Collision,Rear Collision,Minor Damage,Fire,NY,Columbus,YES,NO,60700,12140,6070,42490,Honda,Civic,1997,N,Low,None,Minor,Early Morning,Single Vehicle,Single Witness,Basic
22,21,2007-07-04,IN,1248.05,FEMALE,High School,exec-managerial,movies,husband,37500,-54000,2015-02-15,Multi-vehicle Collision,Rear Collision,Total Loss,Police,SC,Arlington,YES,,53280,5920,0,47360,Chevrolet,Malibu,2015,N,Medium,None,Minor,Early Morning,Multi-Vehicle,Multiple Witnesses,Standard
286,43,1994-02-05,IL,1564.43,FEMALE,MD,prof-specialty,movies,unmarried,77500,-32800,2015-01-31,Single Vehicle Collision,Rear Collision,Minor Damage,Fire,NY,Northbrook,,YES,34290,3810,3810,26670,Jeep,Grand Cherokee,2013,N,Low,Premium,Major,Evening,Single Vehicle,Multiple Witnesses,Basic
257,44,2006-07-12,OH,1280.88,MALE,MD,other-service,basketball,other-relative,59400,-32200,2015-02-06,Single Vehicle Collision,Rear Collision,Total Loss,Other,WV,Riverwood,NO,NO,46980,0,5220,41760,Accura,TL,2002,N,Medium,None,None,Evening,Single Vehicle,Single Witness,Basic
94,26,2007-10-24,IN,722.66,MALE,MD,exec-managerial,camping,husband,50300,0,2015-01-23,Multi-vehicle Collision,Front Collision,Major Damage,Fire,OH,Springfield,YES,YES,36700,3670,7340,25690,Nissan,Pathfinder,2010,N,Low,None,Minor,Morning,Multi-Vehicle,Multiple Witnesses,Basic
124,28,2001-12-08,OH,1235.14,MALE,MD,exec-managerial,camping,husband,0,-32100,2015-02-17,Multi-vehicle Collision,Side Collision,Total Loss,Other,OH,Hillsdale,,,60200,6020,6020,48160,Volkswagen,Passat,2012,N,Medium,None,None,Evening,Multi-Vehicle,Single Witness,Standard
141,30,2007-03-24,IN,1347.04,MALE,High School,sales,bungie-jumping,own-child,0,-82100,2015-01-22,Parked Car,,Minor Damage,,SC,Northbend,,YES,6480,540,1080,4860,Honda,Civic,1996,N,Medium,None,Minor,Morning,Single Vehicle,Multiple Witnesses,Premium
3,38,1991-07-16,OH,1310.8,FEMALE,Masters,craft-repair,paintball,unmarried,0,0,2015-02-22,Single Vehicle Collision,Front Collision,Minor Damage,Fire,NC,Northbrook,YES,,87200,17440,8720,61040,Honda,Accord,2006,N,Medium,None,None,Evening,Single Vehicle,Single Witness,Premium
285,41,2014-01-05,IL,1436.79,FEMALE,PhD,prof-specialty,sleeping,wife,70900,0,2015-01-24,Single Vehicle Collision,Rear Collision,Major Damage,Fire,SC,Northbend,YES,,108480,18080,18080,72320,Volkswagen,Passat,2015,N,Medium,None,Major,Evening,Single Vehicle,Multiple Witnesses,Basic
130,34,2003-02-17,OH,1383.49,FEMALE,Masters,armed-forces,bungie-jumping,other-relative,35100,0,2015-01-23,Multi-vehicle Collision,Side Collision,Minor Damage,Police,NC,Arlington,,YES,67500,7500,7500,52500,Suburu,Impreza,1996,N,Low,Premium,Major,Early Morning,Multi-Vehicle,Multiple Witnesses,Standard
458,62,2011-11-18,IL,1356.92,MALE,Associate,handlers-cleaners,base-jumping,wife,0,0,2015-02-26,Single Vehicle Collision,Rear Collision,Major Damage,Other,NY,Arlington,,YES,46980,5220,5220,36540,Audi,A5,1998,N,High,Unknown,None,Early Morning,Single Vehicle,Single Witness,Premium
456,60,1996-11-11,OH,766.19,FEMALE,Associate,sales,kayaking,husband,0,0,2015-02-26,Parked Car,,Minor Damage,Police,WV,Columbus,,,5060,460,920,3680,Mercedes,E400,2007,N,Medium,None,None,Morning,Single Vehicle,Multiple Witnesses,Standard
